offset,size,parent
4a660,30,4a448
4a898,14,4a690
4b03c,14,4ae24
4b124,14,4b050
4b1b8,20,4b138
4b254,20,4b1d8
4bf44,14,4bac4
4d540,38,4d2a0
4d6b4,38,4d578
513e8,14,512d0
55428,14,553bc
5726c,14,571c4
57a8c,14,578b0
5a07c,14,59fa4
5d9b0,8,5d988
5d9dc,8,5d9b8
5f4d8,14,5f128
6098c,1c,6036c
60f0c,14,60da8
623b4,14,622a4
627cc,38,62414
63b50,24,637f0
63f48,2c,63b74
660fc,14,65da4
66130,14,66110
66198,14,66144
6629c,1c,661ac
663a8,1c,662b8
6652c,28,663c4
66700,14,66554
67720,1c,66820
67d88,178,679e4
68114,178,67f10
68390,14,6828c
68990,38,686c8
68dcc,14,68d14
68e60,20,68de0
68ef8,20,68e80
69690,38,69330
6a1e4,84,69b74
6a6e8,70,6a268
6a924,14,6a908
6bcb4,1c,6bc18
6bd24,30,6bcd0
6bda4,30,6bd54
6be88,14,6bdd4
6bfe4,14,6bf9c
6c864,1c,6c008
6cf80,1c,6cf20
6d058,1c,6cf9c
6d3bc,64,6d174
6d6dc,14,6d6b4
6d718,14,6d6f0
70444,20,702d0
78b24,8,78738
7bfd4,30,7bc40
7c0b8,20,7c054
7c138,20,7c0d8
7d998,14,7d3b4
7de2c,14,7d9bc
7f74c,8,7f704
7f794,8,7f754
7f7d4,8,7f79c
810ac,34,80f00
81204,2c,810e0
81918,2c,81854
81978,20,81944
819cc,98,81998
823ec,14,821e8
840c4,11c,835ac
843a0,50,841f0
8455c,14,843f0
84b44,1c,84920
84e7c,28,84e2c
84ef4,28,84ea4
89b0c,148,866dc
a0a94,30,89f64
b7884,30,b1a18
ce074,30,b78b4
ce25c,74,ce1d0
ce35c,74,ce2d0
ce5b4,2c,ce458
ce60c,20,ce5e4
ce658,20,ce62c
cf0bc,1c,ceea0
cf9d8,94,cf6b4
d1a20,34,d1870
d1af8,44,d1a54
d1bd4,44,d1b3c
d1d4c,14,d1c48
dc8fc,14,dc800
dc940,14,dc910
dcc0c,14,dc954
dcc44,14,dcc20
dccb4,28,dcc58
dcf48,2c,dccdc
dd914,14,dd794
de6b0,14,de540
de780,14,de6d4
e05a4,14,e001c
e10c0,14,e1038
e1120,14,e10d4
e1178,14,e1134
e1be0,14,e1b54
e1c74,14,e1bf4
e2164,14,e1e10
e303c,14,e2fb4
e383c,6c,e36e0
e3a04,6c,e38a8
e4030,8,e3fa8
e40a4,14,e4058
e40f8,14,e40b8
e41a0,8,e410c
e4218,14,e41cc
e426c,14,e422c
e45b8,8,e456c
e4600,8,e45c0
e4640,8,e4608
ea164,8,ea118
ea1ac,8,ea16c
ea1ec,8,ea1b4
ed568,c4,ecdbc
ede7c,1c,edb80
efb2c,94,ef788
efc50,80,efbc0
efd5c,80,efcd0
f3378,14,f32b4
f33b0,14,f338c
f33e4,14,f33c4
f4614,14,f45cc
f4d70,14,f4cfc
f4dac,14,f4d84
f4de8,14,f4dc0
f52ec,14,f5210
f53f4,14,f5300
f57e8,14,f5424
f5c20,14,f5afc
f5c7c,14,f5c34
f5cd0,14,f5c90
f910c,14,f8dbc
fc294,14,fc100
fe970,14,fe84c
fedf8,14,fed88
fefe8,18,feec4
ff190,20,ff020
ff2c8,20,ff1b0
ff5e0,8,ff488
ff684,8,ff5e8
ff704,8,ff68c
101b68,6c,1018c8
106e98,14,106e60
10a044,14,109fe0
10d244,14,10d1e8
10ee70,14,10edf0
11044c,14,1101b8
11c1f8,14,11beb4
11c248,14,11c20c
11d3fc,8,11d3d4
11d428,8,11d404
11db20,50,11da7c
11dca4,50,11dc34
11e148,30,11dfa0
11e560,30,11e3c0
11ec00,44,11e590
11f0e0,84,11ec44
11f4c0,14,11f458
11f4f4,14,11f4d4
11f9a4,24,11f7bc
120000,14,11ff50
12009c,20,120070
120a78,14,1209b4
121180,14,121050
12121c,14,121194
12145c,24,121258
121680,24,121480
1219d4,14,121910
121ac4,14,121a28
122e9c,14,122d0c
123060,14,122eb0
1239e0,14,1237b0
123b0c,14,123a5c
123fbc,14,123f28
1243a0,14,12428c
12464c,14,12452c
1246ec,14,124660
124784,14,124700
124824,28,124798
1253d8,7c,12520c
1254e0,7c,125454
126e04,8,126d50
126eb8,8,126e0c
127604,8,12753c
127654,20,12761c
129704,14,128f18
12c490,14,12c410
12c8e0,14,12c600
12cf1c,14,12cea4
12cf9c,14,12cf30
12dc4c,44,12da18
12ebf4,50,12ea60
12eca8,3c,12ec44
12ed48,3c,12ece4
12faa0,3c,12fa00
12fb34,3c,12fadc
12fbcc,3c,12fb70
12ff80,14,12fec8
1300d8,14,12ff94
130254,14,1300ec
130360,14,13030c
13039c,14,130374
1303d8,14,1303b0
1304d8,1c,1303ec
1309ec,8,13070c
131314,2c,131168
13141c,1c,131364
1318e4,20,13178c
131938,20,131904
13198c,20,131958
131e90,8,131e68
131ebc,8,131e98
132618,8,1325f0
132644,8,132620
132940,8,1328f8
13298c,8,132948
132b24,14,132994
132ca4,40,132b38
133598,40,133440
1337fc,1c,1335f4
1339ec,58,133818
133a78,20,133a44
133acc,20,133a98
134924,14,1347d4
135170,8,135128
1351bc,8,135178
135520,34,135344
135708,34,135554
135b28,14,13599c
135d24,34,135b3c
135ee0,5c,135d58
13621c,34,136034
136438,34,136250
136898,34,1366cc
137860,14,1373ec
137980,14,1378fc
138290,5c,138060
1383bc,68,1382fc
138ca8,14,138c5c
139b0c,14,139a94
139c5c,14,139b20
139da4,14,139c70
13a1b0,14,13a07c
13a30c,14,13a1e4
13a610,30,13a538
13a6a8,30,13a640
13a738,30,13a6d8
13af7c,28,13ae48
13cde4,28,13ccc4
13d050,14,13ce0c
13f99c,38,13f6a4
13fa2c,38,13f9d4
13fabc,38,13fa64
140b78,28,14082c
141cb0,14,1418c8
142218,14,142108
143450,14,143384
144254,14,144134
1442ac,28,144268
144314,28,1442d4
144c60,14,1449cc
1454ac,14,1453a8
1454f8,14,1454c0
145544,14,14550c
145b9c,14,1457e8
1474fc,38,1473d8
1475ac,38,147534
147658,38,1475e4
147dfc,8,147b3c
1493e8,8,148f44
14c93c,14,14c68c
14da08,14,14d974
151360,28,1511a0
1513fc,28,151388
151490,28,151424
15c668,8,15c5f8
15c6dc,8,15c670
15cc48,8,15cbd8
15ccbc,8,15cc50
15ceb0,14,15ce00
15d258,14,15d1c4
15d320,14,15d26c
15d3ec,14,15d338
15d490,14,15d404
15d724,8,15d6ac
15e090,34,15e040
15e12c,34,15e0c4
15e1b0,34,15e160
15e224,14,15e1e4
15f96c,48,15ecec
160260,14,1601bc
160310,14,160274
162bcc,14,162ab8
163540,14,163334
163bbc,2c,163b2c
163fd0,14,163f3c
164ec8,2c,164df0
164f58,2c,164ef4
1652ac,20,16520c
16534c,2c,1652cc
165ac0,44,1659b4
165bf0,50,165b04
165f24,20,165e48
16600c,2c,165f44
166a00,14,1667c4
167764,38,167514
167f44,48,167bdc
168a44,14,168934
168a90,14,168a58
168adc,14,168aa4
16947c,40,1693c0
169520,30,1694bc
1695b0,30,169550
169990,8,1698d8
1699c0,8,169998
1699ec,8,1699c8
16ae64,14,16add0
16aec4,14,16ae78
16af1c,14,16aed8
16b5b4,8,16b440
16c88c,20,16c724
16c8e0,20,16c8ac
16c934,20,16c900
16caa0,14,16c954
16cd24,1c,16cab4
16d844,38,16d590
16dca8,20,16dbe4
16dcfc,20,16dcc8
16dd50,20,16dd1c
16e028,24,16dd70
16e2b0,24,16e24c
16e788,14,16e708
16e7d8,14,16e79c
16e824,14,16e7ec
16ea98,14,16ea1c
16f244,14,16f1a0
1747d8,14,174440
174844,14,1747ec
1748a8,14,174858
174b64,14,1749c8
179560,70,1791ec
1796b8,50,1795e0
179948,1c,1797b0
179fb0,28,179964
17b4dc,14,17b4ac
17b510,14,17b4f0
17b69c,14,17b524
17b7dc,44,17b6b0
17b980,98,17b830
17c0f8,24,17bab0
17fcdc,2c,17f564
180d6c,14,180750
189194,14,189098
189230,14,1891a8
189a04,1c,189314
189c58,14,189a20
189ec0,14,189c6c
18a354,24,189ed4
18a864,14,18a478
18b08c,8,18b04c
18b0cc,8,18b094
18cf78,8,18cdec
18d124,8,18d0fc
18d244,8,18d12c
18d29c,14,18d24c
18d808,20,18d4b8
18d990,8,18d890
18db68,10,18d998
18dbe8,8,18db78
18dcb0,14,18dc48
18e7b4,dc,18e75c
18ec88,8,18ebc4
18f078,8,18ee64
18f370,8,18f190
18f5bc,8,18f4d4
190028,10,18febc
190110,14,190054
190360,1c,190168
1908b0,28,190394
1909c4,14,1908d8
190c14,8,190b48
190ce4,14,190c1c
19104c,8,190dd8
19144c,8,1912b8
191550,14,191454
191838,14,1917b4
19201c,8,1918c8
192860,8,1920fc
192adc,8,1928d8
192bd4,8,192ae4
192d00,8,192bdc
192fbc,8,192ee4
1932e8,8,19311c
1935b8,8,193368
193bdc,8,193634
194128,14,193fcc
1941a8,20,19413c
194228,20,1941cc
194b54,8,194a6c
195238,8,194f38
1959ac,14,195914
1959e8,14,1959c0
195a28,14,195a00
195c0c,1c,195ae0
19713c,1c,197088
197b50,8,1972a4
197e40,8,197d7c
197fb0,8,197f40
199284,8,1991a4
199598,8,1994e0
19960c,8,1995a0
1996d8,8,19964c
199798,8,199710
199ca0,1c,199c20
19a1fc,24,199d4c
19a26c,14,19a23c
19b348,8,19b234
19b424,8,19b35c
19b584,8,19b42c
19b7a0,8,19b740
19b8c0,18,19b7a8
19ba2c,18,19b918
19bb34,18,19ba44
19bc00,8,19bb4c
19c8c8,8,19bd80
19c9cc,8,19c8d0
19cd40,8,19c9d4
19ceb8,8,19ce1c
19d028,8,19cf24
19d140,18,19d030
19dc88,8,19d8c0
19df58,8,19de64
19e074,8,19e014
19e1a8,18,19e07c
19e330,18,19e200
19e4c8,18,19e348
19e58c,8,19e4e0
19e708,8,19e608
19e80c,8,19e770
19e9c4,8,19e878
19eadc,18,19e9cc
19f0c4,8,19ee0c
19f39c,8,19f278
19f5d8,8,19f4d8
19fd4c,38,19f5f8
19fe94,8,19fd84
1a0024,1c,19fee4
1a0274,8,1a00b0
1a043c,8,1a0284
1a0690,8,1a04c0
1a0740,8,1a06cc
1a08cc,8,1a07dc
1a0a24,14,1a08d4
1a0abc,20,1a0a38
1a0b58,20,1a0adc
1a1178,8,1a1068
1a12a8,8,1a1180
1a147c,8,1a1314
1a17cc,20,1a16e8
1a1b80,8,1a1a98
1a1c04,20,1a1b88
1a1c4c,14,1a1c24
1a1c88,14,1a1c60
1a1ec0,8,1a1d64
1a215c,20,1a2024
1a266c,20,1a217c
1a27ac,8,1a268c
1a2980,8,1a2908
1a29ec,8,1a2988
1a2ba4,8,1a29f4
1a2c48,8,1a2bac
1a2f6c,10,1a2c50
1a2fe0,8,1a2f7c
1a3098,8,1a2fe8
1a3390,10,1a30a0
1a34f0,10,1a33a0
1a3688,8,1a35a4
1a37d4,20,1a3690
1a3854,20,1a37f4
1a38cc,20,1a3874
1a3e2c,38,1a3930
1a4230,20,1a3ec8
1a4398,14,1a42f0
1a4638,24,1a43ac
1a4978,14,1a465c
1a4b1c,8,1a4998
1a4fe0,20,1a4d68
1a530c,20,1a5000
1a54f0,10,1a532c
1a5a48,8,1a5708
1a6128,8,1a5fd4
1a6194,8,1a6130
1a7348,20,1a6fe4
1a73cc,8,1a7368
1a7550,10,1a73d4
1a7744,2c,1a7568
1a77b8,2c,1a7770
1a7828,2c,1a77e4
1a7ac8,8,1a7a7c
1a7c00,18,1a7ad0
1a7e18,18,1a7cbc
1a81fc,24,1a7eac
1a82c8,8,1a8220
1a87a8,8,1a8450
1a89b4,8,1a88d4
1a8be0,10,1a89bc
1a8d40,8,1a8c6c
1a9030,20,1a8d7c
1a90c4,8,1a9050
1a924c,8,1a91cc
1a92b8,8,1a9254
1a9348,8,1a92c0
1a9468,10,1a9350
1a951c,8,1a94b0
1a95a4,8,1a953c
1a965c,8,1a95b4
1a976c,14,1a9664
1a9894,8,1a9790
1a9aa0,8,1a99c0
1a9c24,8,1a9ae0
1aaaac,40,1aa484
1aaff4,28,1aab60
1ab3c0,2c,1ab01c
1ab470,8,1ab424
1abc8c,14,1abaf8
1abd0c,14,1abca0
1abd80,14,1abd20
1ac22c,8,1abd94
1ac684,28,1ac250
1ac968,8,1ac7b8
1acbb8,8,1acaf8
1acc50,8,1acbc0
1aced0,20,1acc5c
1ad1b0,20,1acef0
1ad450,38,1ad1d0
1ad750,8,1ad610
1ad848,14,1ad758
1adbd8,c,1ada08
1aded4,8,1addf0
1adfc4,8,1adf34
1ae1d0,20,1adfd0
1ae4b4,20,1ae1f0
1ae750,38,1ae4d4
1aee44,20,1ae8b8
1af7e8,10,1af258
1af940,14,1af824
1af984,14,1af954
1af9c8,14,1af998
1afcd0,c,1afbd8
1afd94,8,1afcdc
1affcc,28,1afd9c
1b0240,28,1afff4
1b02d8,8,1b028c
1b0400,8,1b0348
1b0498,8,1b0408
1b05ec,8,1b04b0
1b0654,14,1b05f4
1b0814,8,1b0760
1b08e8,8,1b083c
1b0c5c,8,1b0af8
1b0ee8,10,1b0cfc
1b1150,8,1b10a8
1b1374,8,1b11a0
1b1498,18,1b1388
1b1520,8,1b14b0
1b162c,10,1b1528
1b1888,8,1b16b4
1b190c,8,1b189c
1b1be4,8,1b1b74
1b1cc4,8,1b1c1c
1b1ee8,8,1b1d14
1b2040,24,1b1efc
1b20d4,8,1b2064
1b21e0,10,1b20dc
1b24c0,8,1b2450
1b25a0,8,1b24f8
1b27c4,8,1b25f0
1b291c,24,1b27d8
1b29b0,8,1b2940
1b2abc,10,1b29b8
1b2c5c,8,1b2b74
1b2d64,8,1b2c64
1b323c,28,1b2d84
1b334c,8,1b3264
1b3474,8,1b3354
1b350c,8,1b3490
1b3658,8,1b3568
1b36f8,14,1b3660
1b38f0,8,1b3808
1b39f8,8,1b38f8
1b3ed8,28,1b3a18
1b3fe8,8,1b3f00
1b4108,8,1b3ff0
1b41a0,8,1b4124
1b42ec,8,1b41fc
1b438c,14,1b42f4
1b45a4,8,1b44bc
1b46ac,8,1b45ac
1b4b8c,28,1b46cc
1b4c9c,8,1b4bb4
1b4dbc,8,1b4ca4
1b4e54,8,1b4dd8
1b4fa0,8,1b4eb0
1b5040,14,1b4fa8
1b5690,40,1b52e4
1b57a0,8,1b5720
1b5828,8,1b57a8
1b5988,8,1b5908
1b5a10,8,1b5990
1b5aa4,8,1b5a24
1b5b2c,8,1b5aac
1b5bb4,8,1b5b34
1b5cdc,8,1b5bbc
1b5e88,8,1b5d54
1b6134,8,1b5fd0
1b61e0,8,1b613c
1b692c,18,1b6638
1b6db0,10,1b6944
1b6f24,8,1b6dcc
1b7160,10,1b6f2c
1b7278,14,1b71ac
1b73e4,8,1b730c
1b7614,8,1b74f8
1b7868,10,1b761c
1b815c,20,1b7888
1b8210,14,1b817c
1b8a24,18,1b88d0
1b8de0,8,1b8d68
1b8ec4,8,1b8df4
1b8f4c,8,1b8ecc
1b8fc0,8,1b8f54
1b9038,8,1b8fc8
1b9274,8,1b90e0
1b956c,8,1b9404
1b9838,c,1b9728
1b98e8,8,1b9860
1b9ae8,8,1b98f0
1b9cf0,20,1b9b7c
1b9e3c,8,1b9d10
1babb4,14,1bab50
1bb164,8,1bae1c
1bb3b8,8,1bb2f8
1bb490,8,1bb3c0
1bb5a8,8,1bb524
1bb814,10,1bb63c
1bbbc0,8,1bb9d0
1bc0bc,8,1bbfdc
1bc12c,20,1bc0c8
1bc1e0,20,1bc194
1bc234,20,1bc200
1bc288,20,1bc254
1bebec,14,1be74c
1bec94,2c,1bec00
1bed18,40,1becc0
1bee44,8,1bed58
1bf1a0,20,1beeb8
1bf5b4,8,1bf1c0
1bf844,8,1bf7b0
1bf96c,8,1bf900
1bf9d0,8,1bf974
1bfc2c,8,1bf9d8
1bffb4,8,1bfc34
1c01a0,20,1bffbc
1c04f4,20,1c0354
1c0970,8,1c0844
1c0ae0,20,1c09f4
1c0dcc,10,1c0b50
1c0f98,8,1c0ddc
1c1198,8,1c0ff0
1c139c,8,1c11a0
1c1564,8,1c148c
1c15f4,20,1c156c
1c163c,14,1c1614
1c1678,14,1c1650
1c1f78,8,1c1ed0
1c2a74,8,1c2a10
1c2b30,8,1c2a88
1c3664,8,1c349c
1c3d94,8,1c3d34
1c3e64,18,1c3d9c
1c4220,8,1c3efc
1c4a3c,8,1c49dc
1c4b0c,18,1c4a44
1c4e60,8,1c4b6c
1c50ec,8,1c4fb0
1c53d0,18,1c52e0
1c5c68,20,1c56c0
1c5d84,8,1c5c88
1c66a4,8,1c5dc0
1c6a7c,8,1c6848
1c6b60,14,1c6b24
1c6d5c,8,1c6ca4
1c6e2c,14,1c6dfc
1c7258,8,1c6e5c
1c77f4,8,1c72f0
1c79ec,8,1c7870
1c866c,20,1c824c
1c8878,10,1c868c
1c8ec4,8,1c8e5c
1c8fc4,18,1c8ecc
1c911c,18,1c9024
1c92ac,18,1c913c
1c9378,8,1c92c4
1c975c,8,1c94f8
1c9ad0,8,1c9a64
1c9c60,8,1c9bc8
1c9d40,8,1c9cb4
1c9e8c,8,1c9df0
1ca1b8,8,1c9fe8
1ca584,8,1ca444
1ca6c0,8,1ca590
1ca754,14,1ca6d4
1ca7f8,8,1ca768
1ca888,8,1ca820
1ca938,8,1ca8a0
1caa34,1c,1ca940
1cacd0,8,1cac54
1caeb4,28,1cacd8
1cb0fc,28,1caedc
1cb734,20,1cb1e0
1cbd40,8,1cbad0
1cbe10,14,1cbd94
1cbe54,14,1cbe24
1cbe98,14,1cbe68
1cc7e0,8,1cbef4
1ccc88,8,1cca1c
1cd874,8,1ccf7c
1cdd34,8,1cdab0
1ce5e4,8,1ce07c
1ce8f8,20,1ce688
1cef10,8,1ce988
1cf28c,20,1cf004
1cf828,8,1cf460
1cf8cc,8,1cf85c
1cff40,20,1cfb6c
1d03c0,14,1d036c
1d0b24,38,1d0644
1d0fc0,14,1d0f68
1d1b28,98,1d14e0
1d1c68,8,1d1bfc
1d1cdc,8,1d1c70
1d1d50,8,1d1ce4
1d1e60,8,1d1d70
1d1ed4,8,1d1e68
1d20ec,8,1d2080
1d2160,8,1d20f4
1d21d4,8,1d2168
1d2240,8,1d21dc
1d22b4,8,1d2248
1d2334,8,1d22c8
1d23a8,8,1d233c
1d241c,8,1d23b0
1d2490,8,1d2424
1d2504,8,1d2498
1d2578,8,1d250c
1d25ec,8,1d2580
1d2660,8,1d25f4
1d2750,8,1d2668
1d2840,8,1d2758
1d28b4,8,1d2848
1d2928,8,1d28bc
1d2a54,8,1d2930
1d2c18,8,1d2ad8
1d2f88,8,1d2ea4
1d3174,8,1d3094
1d3208,44,1d3180
1d32f8,8,1d326c
1d344c,18,1d3300
1d34d8,8,1d3464
1d3610,8,1d34e0
1d368c,44,1d361c
1d3728,44,1d36d0
1d37c4,44,1d376c
1d3b9c,18,1d391c
1d3d30,14,1d3cb0
1d3fb0,8,1d3d5c
1d4094,8,1d3fc4
1d420c,14,1d41a4
1d4258,14,1d4220
1d42a4,14,1d426c
1d4aec,8,1d494c
1d52dc,8,1d5248
1d5370,8,1d52e4
1d5674,8,1d55ec
1d5b34,8,1d5a30
1d6544,14,1d64c0
1d7298,1c,1d6df8
1d75cc,8,1d7390
1d7f9c,10,1d75e0
1d8718,28,1d7fac
1d8bc4,14,1d8b2c
1d8c10,14,1d8bd8
1d8c5c,14,1d8c24
1d8d30,8,1d8c78
1d8eac,8,1d8d50
1d908c,8,1d8f54
1d9264,8,1d909c
1d94c8,8,1d92f8
1d9af8,10,1d94d0
1d9cd4,20,1d9bac
1d9d1c,14,1d9cf4
1d9d58,14,1d9d30
1dad18,8,1da7a8
1db72c,14,1db6c8
1db8ac,8,1db7b0
1dbadc,20,1db8b4
1dc324,8,1dc27c
1dc48c,8,1dc390
1dc838,20,1dc65c
1dc8d8,1c,1dc868
1dd550,8,1dccc0
1dd6f0,20,1dd570
1dddc0,8,1ddc80
1ddf48,20,1dddc8
1de03c,8,1ddfdc
1de16c,18,1de0a4
1de598,8,1de28c
1de760,8,1de624
1de90c,18,1de7ec
1debf8,8,1deb98
1decc8,18,1dec00
1df06c,10,1ded70
1df1b8,8,1df07c
1df370,18,1df250
1df440,8,1df394
1df848,8,1df448
1df90c,8,1df850
1e0954,24,1e0634
1e12bc,8,1e0df0
1e2014,58,1e1f24
1e2198,58,1e2130
1e22f0,8,1e2210
1e2808,10,1e232c
1e2920,14,1e28e0
1e2bc4,8,1e2944
1e2e04,8,1e2bd0
1e2fd8,8,1e2e0c
1e3214,8,1e2fe0
1e3340,8,1e321c
1e3490,8,1e3348
1e35e4,8,1e34dc
1e37f8,8,1e36c0
1e388c,14,1e380c
1e3be8,14,1e3b90
1e3d28,8,1e3c98
1e3e94,20,1e3d30
1e40d0,28,1e3eb4
1e4ff8,20,1e41b8
1e5678,8,1e5098
1e5904,8,1e57e4
1e67b0,8,1e66f4
1e6834,8,1e67b8
1e68b0,8,1e683c
1e6d50,1c,1e6c34
1e71d4,8,1e6f68
1e748c,24,1e72f4
1e74dc,14,1e74b0
1e7520,14,1e74f0
1e77a8,8,1e76e0
1e7b3c,8,1e77e4
1e7b7c,8,1e7b44
1e7dd4,8,1e7ce4
1e87b0,8,1e8700
1e8a04,8,1e88e4
1e8d44,8,1e8c00
1e8f0c,8,1e8e7c
1e8fd4,8,1e8f14
1e92d4,8,1e91a0
1e9510,c,1e940c
1e96cc,c,1e95b8
1e9838,8,1e96d8
1e9a80,8,1e9844
1ea6fc,14,1ea4a4
1eabb0,20,1ea744
1eadc4,8,1eabec
1eae4c,8,1eadcc
1eb0f8,20,1eae54
1eb384,14,1eb298
1eb7b4,8,1eb6f4
1eb8e4,8,1eb7bc
1eb978,14,1eb8f8
1ebd84,8,1eba8c
1ebe78,8,1ebda8
1ec3f8,40,1ec0a4
1ec700,30,1ec438
1ecc78,14,1ecad0
1ecf48,8,1ecc8c
1ed7cc,8,1ed640
1edc6c,20,1ed7d4
1eded4,14,1ede3c
1edf20,14,1edee8
1edf6c,14,1edf34
1ee0dc,20,1edf80
1ee158,14,1ee118
1ee288,8,1ee1b8
1ee310,8,1ee290
1ee5c0,20,1ee318
1eea84,10,1ee808
1eec70,14,1eeb54
1ef550,8,1ef4d0
1ef654,8,1ef558
1ef6dc,8,1ef65c
1f0168,58,1efc7c
1f0290,8,1f0210
1f042c,8,1f03ac
1f04b4,8,1f0434
1f0548,8,1f04c8
1f05d0,8,1f0550
1f065c,8,1f05d8
1f0784,8,1f0664
1f0930,8,1f07fc
1f0b74,8,1f0b04
1f0fa8,20,1f0bb0
1f10b4,8,1f0ff4
1f1234,18,1f1198
1f141c,8,1f1334
1f1524,8,1f1424
1f1a3c,28,1f1544
1f1c60,14,1f1a6c
1f1db4,8,1f1c74
1f1e58,8,1f1dd0
1f1fa4,8,1f1eb4
1f2300,44,1f20a0
1f25cc,8,1f2344
1f26e8,8,1f25d4
1f276c,8,1f26fc
1f2870,8,1f2808
1f2974,18,1f2878
1f2b00,18,1f2a04
1f2c58,18,1f2b20
1f2d2c,8,1f2c70
1f39ac,10,1f2ea4
1f4054,8,1f3f08
1f4614,8,1f405c
1f4b28,8,1f4708
1f4de0,8,1f4b30
1f5704,10,1f5520
1f5a94,8,1f57e0
1f5bec,8,1f5b20
1f5dec,8,1f5d3c
1f607c,8,1f5ec0
1f63ec,14,1f61f8
1f6be0,8,1f6410
1f7c1c,8,1f79f0
1f7c98,14,1f7c30
1f7d28,8,1f7cdc
1f7e3c,18,1f7d88
1f7ef8,8,1f7e54
1f8184,14,1f8148
1f81e8,20,1f8198
1f8248,24,1f8208
1f8984,8,1f877c
1f928c,8,1f9204
1f9738,8,1f9664
1f9ba4,8,1f9a04
1fa7b0,30,1fa2d0
1fb224,8,1faee4
1fb744,14,1fb438
1fb890,8,1fb758
1fb948,8,1fb8a0
1fbe5c,18,1fba38
1fc2cc,38,1fbe84
1fc3a4,14,1fc304
1fc490,14,1fc3b8
1fc5b4,14,1fc4b4
1fc88c,10,1fc618
1fc9cc,10,1fc89c
1fcb0c,10,1fc9dc
1fcbec,10,1fcb1c
1fcd68,10,1fcbfc
1fdb00,8,1fda48
1fe0fc,14,1fe040
1fe160,14,1fe154
1fe1ac,14,1fe174
1fe930,14,1fe8f0
1feee8,8,1fedf0
1fef78,8,1feef0
1ff420,8,1ff06c
1ff560,8,1ff4bc
1ff860,8,1ff70c
200bbc,8,200b14
2011ec,8,201150
202cb0,20,202b20
204b44,8,204970
205314,8,205220
2060b0,8,205f48
2063f4,20,2062e4
20651c,8,206478
206684,8,206568
206778,14,2066a8
208314,8,208234
208610,14,2085a0
2086ec,14,20867c
208758,14,208700
208868,8,2087e4
2089d0,8,208870
208a4c,14,2089e4
208c74,8,208b90
208d08,8,208c88
208d74,8,208d10
208eb0,10,208d7c
208f40,8,208ed0
208fb0,8,208f48
20906c,8,208fc0
209390,8,2092fc
209498,1c,209398
2095e4,8,209574
209740,8,2096c8
2097a4,20,209748
2097ec,14,2097c4
209828,14,209800
209a88,8,2098ec
209c54,8,209b28
209dcc,8,209d10
20a1c4,8,209f0c
20a36c,8,20a2fc
20a430,14,20a374
20a4d0,8,20a454
20a5e4,8,20a4ec
20a8a8,8,20a79c
20ab3c,8,20aa98
20ae54,8,20ad74
20b0c8,8,20aec8
20b3f8,20,20b160
20b61c,8,20b588
20b684,8,20b624
20b7ec,8,20b6d8
20b974,8,20b900
20bac0,8,20b990
20bb40,8,20bac8
20c560,8,20c394
20c71c,8,20c5a8
20c75c,14,20c724
20cb44,40,20c808
20ce40,30,20cb84
20d350,8,20d230
20d8b4,20,20d398
20e324,14,20d920
20e684,14,20e338
20edd8,14,20eba0
20efd4,14,20ee58
20f408,1c,20f218
20faa8,14,20fa3c
2103c4,20,20fd68
210a30,28,2103e4
211184,8,21106c
211504,30,21123c
21165c,20,211534
2117a4,8,21168c
2119b8,8,21184c
211cdc,18,2119c0
211e38,8,211cf4
211fc8,8,211e94
212068,8,211fd0
212130,8,21208c
2121a8,14,212138
21245c,8,2121bc
2124d8,14,212464
2125dc,8,2124ec
212658,14,2125e4
2126f4,14,21266c
212838,8,212718
21297c,8,212840
212a10,14,212990
212d00,8,212a54
212e48,1c,212d18
212f04,8,212e64
212fe4,8,212f50
2133ec,8,2131d0
2138d8,10,2133f4
213994,14,213914
213f40,10,213ae8
213fe8,14,213f50
2141f0,14,214158
2143e8,14,214208
214454,14,21440c
214c10,8,214b1c
214d58,8,214c18
2152bc,8,214f64
215cc4,14,215b78
215fc4,8,215e54
216698,8,216560
216d24,20,216c90
216f64,10,216d9c
21780c,8,2174e8
217970,14,217940
217d9c,38,217a18
217fe8,10,217e4c
21826c,8,2181a4
2183e8,8,218274
2186a0,20,21842c
2188b8,8,218754
218944,8,2188c0
218c2c,8,218afc
218e0c,8,218c34
218ed4,8,218e14
2190d0,8,218edc
219158,8,2190d8
219234,8,2191d0
219398,10,219264
219488,8,219414
2194f8,8,219490
2195b8,8,219508
2196a0,14,2195c0
2196e8,14,2196b4
21972c,14,2196fc
219a40,14,219938
219bbc,14,219b44
21a498,30,21a1f8
21a5b0,8,21a4c8
21a8bc,8,21a5e0
21aa3c,8,21a95c
21ab60,8,21aa44
21b188,20,21ab68
21b41c,14,21b3c0
21ba28,8,21b8a8
21c1bc,20,21bd40
21ca94,8,21c908
21cba4,14,21cb74
21cce4,8,21cc70
21cdc0,8,21cd34
21cfec,8,21cf04
21d224,14,21d17c
21d3dc,8,21d2c0
21d480,14,21d3e4
21d728,8,21d628
21d7c8,8,21d730
21d92c,8,21d7d0
21dd00,8,21dc90
21dda4,14,21dd08
21ddf0,14,21ddb8
21de3c,14,21de04
21e114,8,21df50
21e2a4,20,21e128
21e740,20,21e5c4
21ee7c,8,21ed84
21ef08,8,21ee84
21efc0,8,21ef40
21f08c,8,21efd4
21f35c,8,21f0a4
21f544,8,21f454
21f694,8,21f564
21f798,18,21f71c
21f890,8,21f7b0
21f9bc,14,21f978
21fb60,14,21fae4
2200a8,8,21ffd0
22022c,8,2201b4
220298,8,220234
22049c,8,2203a4
2206dc,8,22066c
220e04,14,220c68
2214cc,14,221458
22154c,14,2214e0
221894,8,22157c
221e04,20,22198c
2221fc,8,221fbc
222698,8,222590
2229a0,8,222864
222d24,14,2229bc
22317c,20,222d38
223470,20,22319c
223540,14,223490
223838,38,2237e0
2238e4,8,223870
2239c0,8,223934
223cd8,8,223bf0
2241b8,14,22410c
2242f4,14,2241cc
224438,8,224338
2244d8,8,224440
22468c,8,2244f4
224a6c,14,2246f4
224bd0,8,224b60
224c6c,14,224bd8
224cb8,14,224c80
224d04,14,224ccc
224e98,8,224d44
2254f4,8,2253e4
225fd4,8,225f58
226058,8,225fdc
2263c0,20,22635c
226408,14,2263e0
226444,14,22641c
226518,8,226460
226694,8,226538
226874,8,22673c
226a4c,8,226884
226cb0,8,226ae0
2272b0,10,226cb8
22748c,20,227364
2274d4,14,2274ac
227510,14,2274e8
227738,20,227638
227800,8,227758
227fb4,20,227c54
228374,20,2282d4
2288a8,8,228774
228da4,14,228d64
228dc8,8,228db8
228f14,8,228dd0
22919c,8,229090
2295f4,8,229370
229cec,20,229940
229ee4,8,229d0c
22a848,14,22a808
22aa48,20,22a8b4
22ac90,24,22aa68
22ad9c,8,22acb4
22afd0,8,22ae8c
22b0b0,8,22afd8
22b128,8,22b0b8
22b684,8,22b538
22b7c8,8,22b68c
22be64,8,22bdf4
22c3b4,8,22c328
22c58c,8,22c4a0
22c7b0,14,22c71c
22c92c,14,22c8c0
22c9b0,14,22c940
22cc40,8,22cbb0
22cd40,8,22cca8
22ce88,20,22cd48
22cfd4,8,22cf3c
22d3b8,8,22d29c
22d4c4,8,22d3c0
22da74,20,22d4e4
22dbdc,8,22dabc
22dc84,8,22dbf8
22ddd4,8,22dce0
22df04,14,22de68
22e014,14,22df60
22e0a4,14,22e028
22eb90,28,22e7d8
22eff4,1c,22eef0
22f254,10,22f070
22fa9c,8,22fa3c
22fc68,8,22fbf8
22fce8,8,22fc70
22fe80,8,22fd00
22fee0,14,22fe88
230374,8,23026c
2303bc,14,23037c
2304cc,14,23045c
230ac8,8,2309e4
230b60,8,230ad4
230c38,8,230b68
230e00,8,230d00
230f50,14,230f0c
23132c,20,2310ac
23163c,8,23134c
231d28,10,2319d0
231e54,8,231d80
23249c,10,232278
232868,20,232708
2328b0,14,232888
2328ec,14,2328c4
23299c,8,232900
232b80,8,232a64
232c94,8,232b88
2330fc,20,232cb4
23323c,8,233124
2332e4,8,233258
233438,8,233340
233684,14,2335d4
23381c,8,233704
233918,20,233824
233a60,20,233938
233ba8,8,233a90
233f28,8,233de0
2341bc,8,233f54
2342ac,8,234260
2345d8,8,23433c
23498c,10,234604
234ad4,8,234a0c
234b98,8,234adc
234d2c,8,234bac
234ddc,8,234d34
2355b0,14,235528
2355f4,14,2355c4
235638,14,235608
2366cc,38,236414
2367ec,14,236720
236c48,20,236858
236e40,8,236d04
2371c8,8,236f70
237474,8,23732c
2375cc,8,237558
237668,14,2375d4
237718,14,2376c4
237b3c,8,23775c
238344,2c,237ccc
2385f8,8,2383d8
238678,14,238600
238704,14,23868c
238790,14,238718
238850,8,2387a4
2388e0,8,238858
23896c,8,2388e8
238ec8,8,238e58
239128,14,239034
2391c0,14,23913c
239230,14,2391d4
23986c,8,2392a8
23a048,8,239c18
23aac0,10,23a6a8
23acfc,8,23ab0c
23ad98,8,23ad10
23b03c,8,23af58
23b640,10,23b240
23b7a4,8,23b718
23ba3c,8,23b964
23bfbc,28,23bc28
23c0d4,8,23c040
23c204,1c,23c0f0
23c320,8,23c284
23c3a8,8,23c328
23c49c,1c,23c3b0
23c7c8,8,23c6a8
23cd5c,30,23c7e8
23ced4,8,23cd8c
23d2e8,2c,23cf24
23d5b0,8,23d3ec
23d778,8,23d5c0
23d9d0,8,23d7fc
23da80,8,23da0c
23dc20,8,23db1c
23ddbc,14,23dc28
23ddf8,14,23ddd0
23de34,14,23de0c
23dfb0,8,23dec4
23e0bc,8,23dfb8
23e440,20,23e0dc
23e674,1c,23e468
23e7d0,8,23e690
23e878,8,23e7ec
23e9c8,8,23e8d4
23ebe8,1c,23ea88
23f090,8,23ef80
23f1a4,8,23f098
23f550,20,23f1ac
23f76c,8,23f578
23fa34,8,23f9a8
23fb8c,8,23fa90
240280,20,23fd18
240494,20,2402ac
240674,8,240558
2409f4,20,24067c
24112c,10,240f14
2411b8,14,241164
241220,14,2411cc
241374,8,241234
2414ac,8,2413b0
2415b0,8,2414b4
241814,10,2415e0
241c38,14,241be4
241e8c,8,241c4c
2420d4,8,241e94
2421a4,14,242150
24220c,14,2421b8
2423e0,8,242220
242464,14,242410
2428a4,20,242490
242918,14,2428c4
242978,14,242934
242d14,14,242ca4
242eac,20,242e38
24321c,8,2430d8
243410,8,243350
2434b0,8,243418
243544,8,2434b8
2437a4,8,24366c
2439d8,8,243968
244078,28,243c6c
24415c,8,2440a8
2443c8,8,244278
244450,8,2443d0
24452c,18,244458
244a08,28,244644
244ae0,8,244a38
244d34,8,244bfc
244dbc,8,244d3c
244e98,18,244dc4
244ff4,8,244f88
2452dc,10,2451e0
245550,8,2454c0
2455dc,8,245558
24592c,8,2457d4
245c7c,20,24595c
245d3c,14,245cc4
245dc0,14,245d50
246044,24,245e70
246244,8,2461b8
2462bc,8,24624c
246430,8,246368
2464f8,14,246474
24690c,8,246838
2469ac,8,246938
246e24,30,2469e4
246ef4,8,246e54
246fcc,8,246f28
247558,28,247018
247874,14,24782c
247d68,28,247984
247e88,8,247d98
248004,1c,247ea4
248394,10,248124
248424,8,2483a4
248500,1c,24842c
248688,14,248610
2487ac,8,24869c
248824,8,2487b4
248aa0,10,248864
248cd8,8,248ab0
248f04,14,248ebc
248fcc,14,248f18
2494d4,20,249114
2499d8,10,2497f4
249a58,8,2499e8
249d00,14,249c54
249ea4,8,249d8c
249fb4,8,249eac
24a37c,20,249fd4
24a4d4,8,24a3a4
24a57c,8,24a4f0
24a6cc,8,24a5d8
24a948,20,24a7cc
24acb4,14,24ac5c
24b1bc,14,24b14c
24b25c,14,24b200
24b48c,8,24b3ac
24b7e0,20,24b4ac
24b8d4,14,24b800
24ba00,8,24b934
24ba84,8,24ba08
24bb40,14,24ba8c
24c044,8,24bdf0
24d0b8,20,24c4a0
24d2ec,14,24d240
24e31c,8,24e24c
24e39c,8,24e324
24e4e4,8,24e480
24e560,8,24e4ec
24e5e0,8,24e568
24e664,8,24e5e8
24e6e4,8,24e66c
24e7cc,14,24e70c
24e974,20,24e7e0
24ea48,8,24e9a0
24eb48,8,24eae4
24ebb4,8,24eb50
24ecb0,2c,24ebbc
24edf8,24,24ed44
24f370,40,24f1e0
24f58c,8,24f528
24f5f8,8,24f594
24f664,8,24f600
24f6dc,8,24f66c
24f754,8,24f6e4
24f7d0,8,24f764
24f874,8,24f800
24f8f0,8,24f87c
25015c,14,250040
2508b4,14,250808
250924,20,2508c8
250994,20,250944
250f7c,20,250b98
251370,30,251078
251564,8,251490
2518b8,8,2516b4
251ac8,8,2518cc
251dd0,8,251d58
251e3c,8,251dd8
2520b0,8,251fac
2523c0,8,2521c0
2525ec,20,2524a4
252658,20,25260c
2526bc,20,252678
253508,10,253200
254474,14,25402c
254500,8,254488
254600,8,25459c
254bc8,10,2549b0
254d38,8,254cb4
254e80,34,254d40
254ef4,20,254eb4
254f54,20,254f14
2553c4,20,254fb4
255514,8,2553e4
255750,14,2556d8
2557e4,14,255764
255a10,8,255824
255b14,10,255a18
255d0c,14,255c2c
2565ec,14,256370
256a2c,14,2567a8
256b68,14,256a40
256d74,1c,256b7c
2570fc,1c,256d90
25745c,14,2573ac
257f9c,8,257f30
258004,8,257fa4
258064,8,25800c
258d40,14,2585d8
259204,14,2591b8
25925c,14,259218
259aac,30,259778
25a524,38,25a270
25bd50,38,25b860
25c03c,58,25be94
25c10c,58,25c094
25c1d8,58,25c164
25c9cc,14,25c934
25d4bc,8,25d42c
25d550,8,25d4c4
25e9bc,c,25e928
261ccc,20,261c5c
261d5c,30,261cec
265814,c,2657ac
26a848,58,26a61c
26b244,14,26a984
26b778,7c,26b4cc
26b984,7c,26b8fc
26d6c4,8,26d4c8
26d854,14,26d7fc
26d8b0,14,26d868
276754,14,2765f0
276ab0,14,276930
276be8,14,276b74
276d44,8,276d00
276f64,8,276ebc
2777c8,14,27777c
277874,20,2777ec
27e9ec,2c,27e5f0
27ea64,1c,27ea18
27ead0,1c,27ea80
28606c,20,285f3c
288ec4,14,288db4
28940c,14,289374
28f0c0,14,28ef8c
291784,20,291668
2921bc,20,29208c
296380,14,2962bc
29c544,14,29c348
2a16b0,14,2a15d8
2a187c,14,2a17b0
2a1b04,14,2a1890
2a3018,8,2a2fd8
2a305c,8,2a3020
2a375c,8,2a371c
2a37a0,8,2a3764
2a3fe8,8,2a3f84
2a402c,8,2a3ff0
2a406c,8,2a4034
2a4f38,8,2a4ec8
2a4fac,8,2a4f40
2a7740,1c,2a7604
2a8d80,2c,2a8cc8
2a8df0,2c,2a8dac
2a8e60,2c,2a8e1c
2a8eac,14,2a8e90
2a9c64,8,2a9c3c
2a9c90,8,2a9c6c
2aa160,10,2aa040
2aa6a0,10,2aa520
2aa9d0,14,2aa904
2aaf00,8,2aae7c
2aaf88,8,2aaf08
2b0584,54,2b0438
2b0640,44,2b05d8
2b06f0,44,2b0684
2b1448,14,2b0c58
2b1568,14,2b145c
2b1958,14,2b157c
2b2668,14,2b25d0
2b26a4,14,2b267c
2b26e0,14,2b26b8
2b370c,14,2b36e0
2b3748,14,2b3720
2b38a8,14,2b37a4
2b4874,14,2b4848
2b48b0,14,2b4888
2b4d00,14,2b48c4
2b4d60,14,2b4d34
2b4d9c,14,2b4d74
2b5480,14,2b5454
2b606c,28,2b5e3c
2b6934,14,2b68ec
2b6988,14,2b6948
2b9338,20,2b926c
2b93d8,20,2b9358
2b946c,20,2b93f8
2b99c0,14,2b9978
2b9a14,14,2b99d4
2ba0cc,14,2ba0a0
2ba108,14,2ba0e0
2be2f8,14,2be0b4
2c1f00,14,2c1da0
2c5668,14,2c5520
2ca380,14,2ca24c
2ca3d0,14,2ca394
2ca41c,14,2ca3e4
2cf6f0,14,2cedbc
2d3f74,2c,2d3ee8
2d3fe0,2c,2d3fa0
2d404c,2c,2d400c
2d4d24,8,2d4b80
2d4da8,8,2d4d2c
2d514c,8,2d4db0
2d614c,10,2d5dcc
2d7134,14,2d7088
2d7c54,8,2d7c04
2d8be8,8,2d8af4
2d90e0,8,2d9090
2d9c40,20,2d9bf0
2d9c8c,14,2d9c60
2d9ccc,14,2d9ca0
2da254,2c,2da1d0
2da2c0,2c,2da280
2da32c,2c,2da2ec
2dc584,14,2dc4bc
2dcb64,14,2dca24
2de9c0,30,2de0f0
2df148,84,2defc8
2e04a4,8,2e0448
2e04e0,8,2e04ac
2e051c,8,2e04e8
2e084c,8,2e07ac
2e087c,8,2e0854
2e08a8,8,2e0884
2e16c8,14,2e169c
2e1704,18,2e16dc
2e1760,14,2e1734
2e179c,14,2e1774
2e1b00,14,2e1ad4
2e1b3c,14,2e1b14
2e2b44,8,2e294c
2e3098,14,2e304c
2e30ec,14,2e30ac
2e357c,8,2e3530
2e35b8,8,2e3584
2e35f4,8,2e35c0
2e40b0,8,2e3fd8
2e4158,8,2e40b8
2e41f8,c,2e4160
2e42a8,14,2e427c
2e42e4,14,2e42bc
2e4fc8,14,2e4dc4
2e5178,14,2e4fec
2e67a0,8,2e66a8
2e67e8,8,2e67a8
2e6828,8,2e67f0
2ea9b0,2c,2ea8c8
2eb20c,14,2eab44
2ec068,14,2ebb24
2ee360,8,2ec80c
2eeda4,14,2eed30
2ef894,14,2ef740
2f0e44,8,2f0d78
2f25dc,2c,2f1ff0
2f290c,14,2f2884
2f36f0,14,2f3634
2f50a8,2c,2f5034
2f5154,2c,2f50d4
2f5300,2c,2f5190
304cf0,14,304c90
304d30,14,304d04
304e44,14,304de4
304e84,14,304e58
305118,14,3050b8
305158,14,30512c
305268,14,3051ec
3052b4,14,30527c
305444,14,3053c8
305490,14,305458
305808,14,30579c
305878,14,305840
30b798,28,3084e0
30c254,14,30c1f0
30eb14,1c,30e4e4
30eb9c,14,30eb30
30ec08,14,30ebd4
30ec60,14,30ec1c
30ecb0,14,30ec74
312a68,14,312970
312aa8,14,312a7c
312aec,14,312abc
31313c,10,31309c
313e88,8,313a04
316f78,14,316cc8
31aab0,4c,319320
31b710,14,31aef0
31b928,14,31b724
31ef80,4c,31ec18
31f440,14,31efcc
31fb74,14,31f454
3203a8,8,31fb88
3224cc,14,3223c8
322564,14,3224e0
3225f4,14,322578
3266f8,20,326418
326744,14,326718
326784,14,326758
327864,14,3277d0
328558,14,3281a8
3298f4,14,3297b4
3299b0,14,329908
3299ec,14,3299c4
329a28,14,329a00
32a60c,8,32a4c8
32a724,8,32a624
32ca68,8,32c82c
32cb48,8,32ca80
32d844,14,32d40c
32ea44,14,32e9a4
331ec8,14,331e18
33519c,14,33511c
335cec,8,335b58
337b2c,14,337ab0
338150,28,337c40
338218,14,338178
3387e0,10,3387c8
339874,14,339828
3398c8,14,339888
33b4c0,1c,33ad8c
33b6e8,14,33b65c
33b850,14,33b730
33be78,8,33be20
33beb4,8,33be80
33bef0,8,33bebc
33c4dc,20,33c3b8
33c530,8,33c4fc
33c56c,8,33c538
33ce18,5c,33ccf0
33cee0,50,33ce74
33cf9c,50,33cf30
33d4e0,14,33d2e0
33e7c4,28,33e050
33f1f8,14,33f0bc
33f300,28,33f20c
33f360,14,33f328
33f3ac,14,33f374
33fe18,8,33fd2c
33fea4,8,33fe20
33ff30,8,33feac
3400b8,8,340078
34010c,8,3400c0
340168,8,340120
3401a0,8,340170
3401e8,8,3401e0
3402a8,8,340260
340340,14,3402b0
340394,8,340354
3403e4,8,34039c
340434,8,3403ec
3404c8,14,34043c
34051c,8,3404dc
3405b8,8,340568
340610,8,3405c0
340674,8,340618
3407a8,18,34067c
340844,14,3407c0
340980,18,340858
3409e8,8,340998
340a24,8,3409f0
340a74,8,340a2c
340b44,8,340aec
340b8c,8,340b4c
340bd4,8,340b94
340c2c,8,340bdc
340c84,8,340c34
340cd4,8,340c8c
340d24,8,340cdc
340ddc,8,340d9c
340e2c,8,340de4
340f5c,18,340e34
34103c,8,340fe4
34108c,8,341044
341118,14,341094
34124c,8,34120c
342a44,158,3428c0
342bdc,8,342b9c
342c2c,8,342be4
342c74,8,342c34
342cbc,8,342c7c
342d04,8,342cc4
342d54,8,342d0c
342da4,8,342d5c
342df4,8,342dac
342e44,8,342dfc
342e94,8,342e4c
342ee4,8,342e9c
342f34,8,342eec
342f84,8,342f3c
343078,8,343038
3430c0,8,343080
3431ac,14,343138
343200,8,3431c0
343248,8,343208
343290,54,343250
343324,8,3432e4
34336c,8,34332c
3433d8,8,343374
3435c4,14,343524
34373c,14,343708
343778,14,343750
3437b4,14,34378c
344f30,24,344e10
344f80,14,344f54
344fc4,14,344f94
34508c,14,344fec
345288,14,345254
3452c4,14,34529c
345300,14,3452d8
345564,1c,3454ac
34a59c,8,34a4f4
34a6d0,8,34a5c4
34a754,14,34a708
34b354,14,34b308
34b3a8,14,34b368
34cd74,14,34cc54
35129c,14,3511b0
3512d8,14,3512b0
351314,14,3512ec
357f6c,8,357de4
358140,10,358084
35820c,8,358150
35846c,14,3583e8
3584fc,14,358480
35c638,14,35c5f4
35c684,14,35c64c
35e9bc,14,35e978
35ea0c,14,35e9d0
35fe34,14,35fdcc
35fea4,14,35fe48
3611c8,14,361184
361214,14,3611dc
361ba0,14,361a68
361d2c,14,361bbc
361e48,20,361d80
361e9c,20,361e68
361ef0,20,361ebc
3651f8,54,364ffc
3652e8,44,36524c
3653bc,44,36532c
365790,14,365548
366238,14,365fac
366948,20,36686c
3669cc,2c,366968
366a50,2c,3669f8
366c0c,20,366b24
366d90,14,366c34
366e78,20,366e04
366ecc,20,366e98
366f20,20,366eec
368104,14,3680b8
369010,20,368f2c
369120,2c,369040
369fa4,14,3698b4
36a0d4,14,369fb8
36af14,34,36adb4
36af7c,20,36af48
36afd0,20,36af9c
36bb80,14,36bb20
36bbe8,14,36bb94
36e168,14,36e11c
36e1bc,14,36e17c
370d98,14,370c48
3711c4,40,3710e0
371244,20,371204
3712a4,20,371264
3715cc,10,3714a8
3726e8,30,37255c
3727d4,20,37278c
372a00,14,372950
372ab8,14,372a14
372be8,14,372acc
3753d0,5c,3750a4
375480,3c,37542c
375510,3c,3754bc
379388,14,379320
3793f8,14,37939c
37a904,14,37a89c
37a974,14,37a918
37c0f4,14,37c044
37c1ac,14,37c108
37cb3c,34,37c9ec
37cba4,20,37cb70
37cbf8,20,37cbc4
37cfe0,14,37cf6c
37d0d8,50,37d020
37d18c,50,37d128
37d240,50,37d1dc
37e324,14,37e1f8
37ff30,14,37fe74
37ff7c,14,37ff44
37ffc8,14,37ff90
380224,14,37ffdc
380b80,14,380b34
380bd4,14,380b94
380fb0,28,380ea4
3811bc,40,381038
381430,14,381290
381560,28,3814c8
3815cc,28,381588
381638,28,3815f4
382004,14,381f88
38203c,14,382018
382070,14,382050
3825b4,8,382574
3825f4,8,3825bc
3826d8,14,38268c
38272c,14,3826ec
3833dc,8,38339c
38341c,8,3833e4
383530,14,3834e4
383584,14,383544
383a8c,8,383a0c
383ab4,8,383a94
383ad8,8,383abc
3845f0,8,3845b0
384630,8,3845f8
384730,14,3846e4
384784,14,384744
384a04,8,3849bc
384a50,8,384a0c
384a94,8,384a58
385d60,8,385d20
385da0,8,385d68
386520,8,3864e0
386560,8,386528
3867e0,14,386778
386850,14,3867f4
386bbc,8,386b7c
386bfc,8,386bc4
386cd0,14,386c84
386d24,14,386ce4
387444,20,3873ec
387498,8,387464
3874d4,8,3874a0
38771c,c,3876c8
387d90,8,387cdc
387e44,8,387d98
3882f8,8,3882b8
388338,8,388300
38842c,14,3883e0
388c24,8,388bc0
388c88,8,388c2c
389000,14,388f98
389070,14,389014
389bd4,8,389b90
389c18,8,389bdc
389fdc,14,389f74
38a04c,14,389ff0
38ac44,8,38ac00
38ac88,8,38ac4c
38b52c,8,38b4ec
38b56c,8,38b534
38b95c,8,38b91c
38b99c,8,38b964
38bc54,14,38bbec
38ea64,8,38ea3c
38ea90,8,38ea6c
390ad0,8,390a70
390b30,8,390ad8
3910bc,8,391028
391154,8,3910c4
3911e8,8,39115c
39176c,8,3916ac
392374,8,392334
3923b4,8,39237c
392884,8,392844
3928c4,8,39288c
392ad4,14,392a6c
392b44,14,392ae8
3939b4,8,393944
393a24,8,3939bc
394318,8,394288
395310,8,395230
395368,8,395318
3953b8,8,395370
3958d4,8,395894
395914,8,3958dc
395eb4,8,395e74
395ef4,8,395ebc
396104,14,39609c
397188,8,397148
3971c8,8,397190
3979b0,8,397970
3979f0,8,3979b8
397dec,14,397d68
398fb0,8,398f70
398ff0,8,398fb8
399d1c,8,399c04
39a910,8,39a7b0
39b4c8,8,39b3b4
39b940,20,39b870
39ba5c,20,39b970
39beac,8,39be4c
39bf0c,8,39beb4
39c7fc,c,39c7a0
39ce90,8,39ce50
39ced0,8,39ce98
39cfe8,14,39cf9c
39d03c,14,39cffc
39d948,8,39d894
39d9fc,8,39d950
39db8c,8,39db5c
39dbb4,8,39db94
39dbd8,8,39dbbc
39e38c,8,39e34c
39e3cc,8,39e394
39e4c0,14,39e474
39e514,14,39e4d4
39e9d0,8,39e990
39ea10,8,39e9d8
39eea8,8,39ee68
39eee8,8,39eeb0
39f0f0,14,39f088
39f160,14,39f104
3a1ae8,14,3a1a64
3a1e50,14,3a1dec
3a25f4,8,3a2570
3a2ee8,14,3a2e90
3a7368,14,3a6ff4
3a7b90,8,3a7908
3a90ac,14,3a8f18
3a9160,14,3a90c0
3a920c,14,3a9174
3a95f4,14,3a950c
3a99b4,14,3a995c
3a9d6c,14,3a9b04
3aa2f4,14,3a9f0c
3aac88,14,3aab94
3ab0e4,14,3aaf9c
3abbf0,14,3ab3f8
3ac820,14,3ac7c8
3ac884,14,3ac834
3ace20,14,3acdd4
3ace74,14,3ace34
3ad0dc,8,3ad050
3ae9cc,8,3addc4
3b0644,14,3b05c8
3b0754,8,3b068c
3b1e84,8,3b1d24
3b2250,8,3b2094
3b26ac,8,3b22e0
3b2fb8,14,3b2f28
3b3004,14,3b2fcc
3b3050,14,3b3018
3b3530,28,3b3260
3b3784,10,3b3558
3b60d4,10,3b5e74
3b6424,8,3b63bc
3b79d4,18,3b780c
3b9038,28,3b8630
3ba458,14,3ba310
3ba798,14,3ba690
3ba7e8,14,3ba7ac
3ba834,14,3ba7fc
3bb9c8,8,3bb80c
3bbcbc,14,3bbc54
3bbd08,14,3bbcd0
3bbd54,14,3bbd1c
3bc134,14,3bc078
3bc4ac,14,3bc3e8
3bc698,14,3bc4c0
3bcdec,14,3bccb4
3bd084,8,3bcf84
3bdacc,8,3bd794
3bdea4,20,3bdc80
3be0f8,14,3bdfe8
3be154,14,3be10c
3be1a4,14,3be168
3be284,8,3be1b8
3be628,8,3be4bc
3c04ec,8,3c0328
3c08d0,18,3c07c4
3c0a80,8,3c0978
3c0ef8,8,3c0bf4
3c1ec8,14,3c1de4
3c1f08,14,3c1edc
3c1f44,14,3c1f1c
3c211c,14,3c2060
3c316c,8,3c3064
3c53cc,14,3c5238
3c5fb4,1c,3c5e70
3c7764,14,3c7718
3c861c,14,3c85d8
3c8668,14,3c8630
3c8fbc,1c,3c89a8
3c90fc,14,3c904c
3c919c,14,3c9110
3c9230,14,3c91b0
3c93b8,14,3c936c
3c96d0,10,3c9568
3c98d0,10,3c97ec
3c9a34,8,3c99e4
3c9f38,14,3c9ee8
3ca6b4,8,3ca664
3caa78,14,3caa24
3cabd4,20,3cab7c
3cac1c,14,3cabf4
3cbaac,14,3cba68
3cbaf8,14,3cbac0
3cbcdc,14,3cbc78
3cc3f4,8,3cc3a4
3cc60c,14,3cc5ac
3cc82c,14,3cc7d8
3cce94,14,3cce00
3cd1d4,14,3cd1a4
3cd590,14,3cd504
3cd86c,20,3cd804
3cd8b4,14,3cd88c
3cd8f0,14,3cd8c8
3cdac0,8,3cda6c
3ce2dc,14,3ce2b0
3ce318,14,3ce2f0
3cfa78,14,3cf754
3d2128,28,3d10b8
3d2240,14,3d2150
3d2298,14,3d2254
3d22e4,14,3d22ac
3d2eb4,14,3d2e74
3d4e28,14,3d3ac8
3d6438,14,3d5b6c
3d745c,14,3d73f4
3d74d0,14,3d7470
3d86ec,14,3d867c
3d8b0c,14,3d8a9c
3d957c,14,3d9550
3d95b8,14,3d9590
3d9d80,8,3d9c38
3db2c4,10,3db1b8
3db748,14,3db674
3db7a8,14,3db75c
3db7fc,14,3db7bc
3dbb28,14,3dbafc
3dbb64,14,3dbb3c
3dc078,8,3dc008
3dcb60,14,3dcaa0
3dcba8,14,3dcb74
3dcbec,14,3dcbbc
3dd374,14,3dd348
3dd3b0,14,3dd388
3dd62c,8,3dd5d8
3ddeec,14,3ddd54
3de238,14,3de1ec
3de28c,14,3de24c
3de570,14,3de3c8
3de778,14,3de724
3deb94,14,3de8f4
3df15c,14,3df0fc
3dfae0,14,3dfa88
3e02f0,14,3e01a8
3e10d4,14,3e078c
3e1224,14,3e117c
3e16c0,14,3e15ac
3e18d0,14,3e1870
3e1e10,14,3e1c98
3e2824,14,3e2054
3e29ac,14,3e291c
3e3c10,14,3e3a54
3e52f0,14,3e5260
3e54c4,14,3e5468
3e5500,14,3e54d8
3e553c,14,3e5514
3e5cdc,14,3e5c7c
3e7370,14,3e72e0
3e7404,14,3e7384
3e7490,14,3e7418
448148,14,447c00
4481c4,14,448198
448200,18,4481d8
449020,14,448f78
4490dc,14,449034
449190,14,4490f0
449974,14,4498f4
449a00,14,449988
449a84,14,449a14
44a074,14,449fe8
44a164,14,44a114
44a4c0,14,44a3ec
44a5b8,14,44a4e4
44aa88,14,44a9c8
44ab98,14,44aaac
44b2c8,8,44b278
44b318,8,44b2d0
44b708,14,44b648
44b800,14,44b72c
44bc20,14,44bbe0
44bc74,14,44bc34
44be7c,14,44bc88
44bf60,14,44be90
44c094,28,44bfb0
44c5ac,14,44c210
44c720,14,44c6b8
44c798,14,44c734
44cc80,14,44cc40
44ccd0,14,44cc94
44cee0,14,44cce4
44cf4c,14,44cf20
44cf88,14,44cf60
44d11c,14,44cf9c
44d200,14,44d130
44d334,28,44d250
44e2e4,14,44e03c
44e3f4,14,44e324
44e528,28,44e444
44e678,18,44e550
44e6e8,14,44e6bc
44e724,14,44e6fc
44e8ac,14,44e880
44e8e8,14,44e8c0
44ee74,14,44edf8
44ef00,14,44ee88
44f848,14,44f7ac
44f8ec,14,44f85c
44faf8,14,44fac0
44fb44,14,44fb0c
45050c,14,450458
4505c8,14,450520
450750,14,450724
45078c,14,450764
450818,8,4507ac
452cbc,24,45298c
452f24,14,452f04
4530c8,14,4530a8
453adc,4c,4539c8
453be8,28,453ba4
454f48,14,454f00
454f9c,14,454f5c
458368,14,4582d0
459840,14,459638
459d8c,10,459cbc
45a248,10,45a158
45b540,28,45b3c0
462d94,1c,462cbc
4674b0,2c,46738c
46b1d0,24,46b0c4
46f320,24,46f1bc
470668,14,47043c
4716a8,40,471530
471830,24,4716e8
471e8c,40,471a94
472074,14,471ecc
472c44,1c,472aa8
472e38,2c,472c60
473204,40,472ed8
473fe8,24,473b88
4740c8,20,474098
474108,14,4740e8
474360,4c,474258
4743f8,34,4743ac
475abc,8,4757dc
475bb0,8,475ac4
475c18,14,475bdc
476068,8,475c80
4762b8,8,476070
476320,14,4762e4
476368,14,476334
477770,14,477738
4777bc,14,477784
477898,14,4777fc
477948,14,4778ac
47986c,28,479698
47b674,24,47b55c
47b820,28,47b71c
47c1d8,1c,47bb9c
47c4dc,28,47c420
47c690,28,47c504
47c8bc,28,47c6b8
47c9e0,14,47c8e4
47cfa8,28,47cdb0
47d130,28,47d054
47d384,28,47d274
47d6f8,28,47d64c
47d9e0,28,47d934
47dbdc,28,47da5c
47dcb0,28,47dc04
47dde0,28,47dcd8
47e108,28,47dfcc
47e2bc,28,47e1e8
47e8a8,14,47e798
47e8dc,14,47e8bc
47e90c,14,47e8f0
47ea44,14,47e920
47ebe4,14,47eb90
47ec44,14,47ebf8
47ee64,14,47ee24
47eeb0,14,47ee78
47ef58,8,47ef20
4801f0,14,48009c
48026c,14,480204
4802dc,14,480280
4806dc,24,4804a4
4808b8,14,4807ec
480ea8,28,480b64
48238c,14,4822e4
482b9c,14,482a60
482c2c,14,482bb0
482cb4,14,482c40
48316c,1c,482dc0
483300,14,483188
483370,14,483314
48477c,14,484428
484ae8,20,4848f0
484dac,8,484d18
48586c,2c,484f20
485ea8,1c,485d00
486358,14,485ec4
4867a8,70,486624
486978,58,486818
486e8c,24,486c68
4877d0,4c,48773c
4878e4,5c,487834
487ad0,14,487a08
487bf0,14,487bac
488390,14,4882a4
488d80,20,488cac
488de8,20,488da0
4891f8,20,4890dc
48958c,24,4893dc
4895f0,14,4895b0
489ed4,24,489c50
489ff4,14,489f74
48a4a8,20,48a464
48ab98,20,48ab2c
48aeec,14,48ae58
48b364,14,48b310
48b488,14,48b3e4
48b5cc,14,48b538
48b7d4,14,48b648
48b8d4,38,48b7e8
48b99c,38,48b90c
48ba6c,38,48b9d8
48c71c,14,48c38c
48cb30,14,48cac8
48cba4,14,48cb44
48d12c,20,48d09c
48d1d8,20,48d14c
48ded0,8,48de60
48df54,20,48ded8
48dfe8,20,48df74
48e410,28,48e008
48e704,14,48e634
48e790,20,48e718
48e804,20,48e7b0
48e86c,20,48e824
48f068,14,48f034
48f0b0,14,48f07c
490828,2c,4905c4
491388,14,4911a8
491d88,30,4916d0
492600,c0,492274
4935d8,14,493250
4937e8,14,493774
493840,28,4937fc
4938a8,28,493868
493cf0,14,493cc8
493d2c,14,493d04
493d68,14,493d40
494b60,14,4948d0
495028,14,494f2c
495944,14,49554c
495d88,70,495bb4
495ef0,94,495df8
496390,38,496338
496994,14,496720
496a34,28,4969a8
496ad0,38,496a5c
496b6c,38,496b08
497f50,68,497e4c
498f68,14,498e44
499044,14,498fb4
4995d8,14,499554
49965c,14,4995ec
4996d8,14,499670
499910,1c,49982c
4999a8,14,49993c
499a14,14,4999c0
499b20,1c,499a40
49a488,28,49a41c
49a55c,3c,49a4c8
49a628,14,49a5c0
49a694,14,49a640
49a98c,14,49a7d8
49aa78,14,49a9cc
49ab80,14,49aa8c
49adbc,14,49abc4
49b0e0,14,49b078
49b150,14,49b0f4
49b700,1c,49b4d4
49bd40,3c,49b754
49bf00,28,49be80
49cb2c,14,49c824
49ce08,28,49ccdc
49cf8c,20,49cf1c
49d018,20,49cfac
49d610,4c,49d544
49e3d8,154,49de6c
49e60c,ac,49e53c
49e780,14,49e6c0
49ea54,1c,49e798
49ecc8,1c,49eb4c
49ed4c,14,49ed00
49edbc,20,49ed74
49f0d4,14,49efc4
4a05b4,1c,4a0364
4a07a4,14,4a05d0
4a08b8,30,4a07f0
4a0958,30,4a08e8
4a09f4,30,4a0988
4a1390,14,4a0ec0
4a1674,14,4a13dc
4a1780,14,4a172c
4a563c,14,4a555c
4a5b88,1c,4a586c
4a63b0,20,4a60a4
4a6448,14,4a63d0
4a64c4,14,4a645c
4a6534,14,4a64d8
4a6838,14,4a6794
4a6d94,14,4a6d54
4a8dfc,14,4a8d14
4a96e8,20,4a9658
4a9748,34,4a9708
4a9944,34,4a98d8
4ab45c,14,4ab2d8
4ae3f4,14,4ada5c
4af36c,60,4af03c
4af46c,60,4af3cc
4af6e8,60,4af5f4
4b0634,14,4b052c
4b4360,14,4b4334
4b7f94,14,4b7e44
4b80ec,14,4b8084
4b8560,d8,4b8110
4b8ed8,14,4b8e30
4b98bc,90,4b939c
4b9a88,14,4b994c
4b9d80,2c,4b9a9c
4ba2bc,14,4ba1cc
4ba3c0,14,4ba2d0
4ba47c,14,4ba3d4
4ba5d0,1c,4ba490
4ba6b4,14,4ba5ec
4bbd28,14,4bad7c
4bbf2c,14,4bbd3c
4bc1b0,1c,4bc07c
4bc4ac,60,4bc1cc
4bef20,1c,4bedd0
4bf050,d8,4bef84
4c1154,14,4c1048
4c6650,1c,4c6210
4d1770,14,4d1698
4d3450,8,4d3324
4d426c,18,4d3f5c
4d532c,c,4d5250
4d8214,8,4d8180
4da24c,14,4d9e78
4da4d0,14,4da3a8
4dd284,60,4dcf30
4dd350,60,4dd2e4
4dd418,60,4dd3b0
4e770c,1c,4e76c8
4e7ea0,10,4e7e64
4e7fe4,10,4e7fa8
4f4b28,8,4f4b00
4f54dc,8,4f54b4
4f6220,8,4f61f8
5431b0,14,5430d4
5433b4,20,54330c
5433fc,14,5433d4
543438,14,543410
544c38,20,544c04
54b534,3c,54b3ec
54b764,3c,54b5fc
54b86c,14,54b80c
54c068,20,54b880
54c1e8,2c,54c088
54c2d0,34,54c290
56bfc0,14,56bc3c
56c7d0,2c,56c780
56c848,2c,56c7fc
56c890,14,56c874
56c8c0,14,56c8a4
56c924,2c,56c8d4
56c99c,2c,56c950
56ca4c,34,56c9fc
56cabc,34,56ca80
56cd7c,14,56cb08
56cec4,4c,56ce58
56cf2c,14,56cf10
56da20,18,56da04
56da6c,2c,56da38
56dacc,2c,56da98
56db48,34,56daf8
56dbb8,38,56db7c
56e0a4,20,56e07c
56e0ec,20,56e0c4
56eb0c,14,56e8ec
56ecec,14,56eb20
56efe8,14,56efc8
56f8a4,2c,56f870
56f904,2c,56f8d0
56fdf4,48,56fbe8
56fe98,18,56fe40
56fedc,18,56feb0
5705f4,2c,57059c
570678,2c,570620
570708,20,5706e0
570750,20,570728
5707d8,8,570770
570850,20,5707e0
5716f0,50,57140c
571794,20,571740
571800,20,5717b4
571874,20,57184c
5718bc,20,571894
571b38,14,5718dc
571d2c,64,571c74
571e90,14,571e30
5732f0,14,57328c
573358,14,573304
573ca8,14,573c24
573d34,14,573cbc
573f84,14,573f40
573fd0,14,573f98
57472c,14,5746c4
57479c,14,574740
574958,14,574914
5749a4,14,57496c
574b14,14,574ad0
574b60,14,574b28
574f9c,14,574f58
574fe8,14,574fb0
5756e0,14,575694
575734,14,5756f4
575b50,14,575b0c
575b9c,14,575b64
5768e8,8,576684
576bf4,14,576b94
577678,14,577604
5776dc,14,57768c
577738,14,5776f0
5a0490,2c,5a045c
5ad7cc,38,5ad754
5ad844,38,5ad804
5b27c4,14,5b27a8
5b98d0,14,5b98b4
5ba9c4,14,5ba954
5bab24,14,5baad0
5bab84,14,5bab38
5bb18c,14,5bae94
5bb46c,14,5bb228
5bb668,74,5bb590
5bb758,68,5bb6dc
5bb83c,68,5bb7c0
5bbd60,14,5bbcb8
5bbfec,34,5bbf18
5bc09c,40,5bc020
5bc150,40,5bc0dc
5bc55c,14,5bc47c
5bcaf8,1c,5bca20
5bd3b4,1c,5bd33c
5be530,6c,5be388
5be744,6c,5be59c
5c13f0,1c,5c139c
5c1458,1c,5c140c
5c26b8,8,5c2670
5c27b8,8,5c26dc
5c2850,1c,5c2800
5c28b8,1c,5c286c
5c29d8,28,5c28d4
5c31b4,8,5c3088
5c32c8,8,5c31cc
5c35a8,8,5c3444
5c3994,18,5c3728
5c39d4,8,5c39ac
5c3c5c,8,5c3b90
5c3d2c,8,5c3c64
5c3df8,2c,5c3d34
5c3ee4,8,5c3e24
5c40a8,10,5c3f14
5c4384,8,5c41e0
5c4448,8,5c438c
5c477c,8,5c45fc
5c5248,14,5c515c
5c59bc,8,5c52d8
5c5a70,8,5c59c4
5c5fa4,8,5c5e40
5c62f8,8,5c613c
5c6604,10,5c63b0
5c7378,10,5c6eec
5c7504,8,5c7490
5c7574,8,5c750c
5c75e4,8,5c757c
5c7798,8,5c760c
5c7844,8,5c77ac
5c78b0,8,5c784c
5c7cac,8,5c7c28
5c7d44,8,5c7cb4
5c7da0,8,5c7d4c
5c8038,8,5c7dac
5c80bc,c,5c8040
5c8220,14,5c8190
5c82e0,14,5c8234
5c838c,14,5c82f4
5c83f4,8,5c83a0
5c856c,8,5c8524
5c8818,20,5c8574
5c8884,8,5c8838
5c8928,8,5c888c
5c8c68,8,5c8ab0
5c970c,8,5c96c0
5c9804,8,5c9774
5c98b0,2c,5c987c
5c9a04,14,5c98dc
5c9c28,8,5c9b1c
5c9ca8,14,5c9c30
5c9e18,8,5c9ddc
5ca000,8,5c9e20
5ca104,10,5ca010
5ca1dc,8,5ca114
5ca2e0,8,5ca1e4
5ca3d4,8,5ca2e8
5cd180,14,5cd0ac
5cfaac,8,5cf86c
5d20a4,8,5d203c
5d2744,1c,5d20bc
5d37f0,14,5d357c
5d3d34,14,5d3c44
5d4990,14,5d48a8
5d5e20,14,5d5bec
5d6738,20,5d66b4
5d6788,2c,5d6758
5d73ec,40,5d6f04
5d89ac,48,5d880c
5db22c,1c,5db1dc
5db28c,1c,5db248
5dbfac,6c,5dbe00
5dc46c,10,5dc348
5dd57c,30,5dd404
5dd668,20,5dd620
5dd9b4,14,5dd8fc
5ddf88,68,5dd9e8
5de490,4c,5de058
5de7e4,44,5de58c
5de8f4,38,5de828
5de9f4,38,5de92c
5deaf4,28,5deabc
5df748,1c,5df70c
5df79c,1c,5df764
5dfe74,48,5dfad8
5dffe4,3c,5dff70
5e0398,28,5e00e0
5e07a8,60,5e045c
5e09a0,54,5e0900
5e0fa8,14,5e0d44
5e1220,60,5e0ffc
5e13f0,54,5e1364
5e14a4,14,5e1444
5e14d8,14,5e14b8
5e1ae4,14,5e1868
5e1d8c,74,5e1b4c
5e1eb0,68,5e1e10
5e21f4,24,5e1f90
5e24f4,48,5e2274
5e2664,3c,5e25f0
5e2930,28,5e2760
5e2bcc,60,5e298c
5e2d9c,54,5e2d10
5e3018,14,5e2e68
5e3224,60,5e3060
5e33d0,54,5e3358
5e3a80,50,5e372c
5e3c20,3c,5e3b98
5e3e90,1c,5e3d00
5e40b0,48,5e3ee0
5e4220,3c,5e41ac
5e4590,14,5e4354
5e4870,48,5e4600
5e49e0,3c,5e496c
5e4dac,14,5e4a2c
5e4fac,60,5e4df4
5e517c,54,5e50f0
5e5468,14,5e5290
5e5670,48,5e54b0
5e57bc,3c,5e575c
5e5b88,30,5e5874
5e5f30,14,5e5bfc
5e6064,3c,5e5f74
5e6494,60,5e60a0
5e6664,54,5e65d8
5e6a30,60,5e684c
5e6bdc,54,5e6b64
5e6d0c,1c,5e6c54
5e721c,40,5e6e00
5e765c,40,5e7338
5e7724,28,5e769c
5e77cc,28,5e774c
5e7bd4,1c,5e7ae4
5e7c74,14,5e7c38
5e7d04,8,5e7c88
5e7f0c,8,5e7e4c
5e816c,8,5e8080
5e9538,14,5e9284
5e97f4,14,5e9770
5e98b0,14,5e9808
5e9964,14,5e98c4
5e9e00,8,5e9d30
5ea1f0,14,5ea0e8
5ea3c4,14,5ea28c
5ea888,8,5ea7fc
5eaaf8,10,5eaa48
5eac38,8,5eabac
5eacac,8,5eac40
5ec0e8,1c,5ebe88
5ec440,1c,5ec104
5eea74,14,5ee890
5f0724,24,5f058c
5f08f4,14,5f0818
5f0bb4,14,5f0908
5f2d54,1c,5f2a50
5f3030,1c,5f2d70
5f49bc,1c,5f4954
5f4a38,1c,5f49d8
5f4ba4,10,5f4b58
5f4be4,8,5f4bb4
5f4cbc,14,5f4c6c
5f584c,8,5f5644
5f59f0,20,5f5968
5f5a98,20,5f5a10
5f5ae0,14,5f5ab8
5f5b1c,14,5f5af4
5f5ea0,20,5f5e4c
5f5f14,20,5f5ec0
5f5f5c,14,5f5f34
5f5f98,14,5f5f70
5f7630,50,5f7560
5f770c,50,5f7680
5f77e4,50,5f775c
5f7fdc,38,5f7f54
5fb34c,84,5fb188
5fb4a8,88,5fb3e0
5fb874,20,5fb818
5fb8f0,20,5fb894
5fb938,14,5fb910
5fb974,20,5fb94c
5fbfec,14,5fbfc0
5fc02c,14,5fc000
5fc068,14,5fc040
5fdb10,14,5fdae4
5fdb50,14,5fdb24
5fdb8c,14,5fdb64
5fdfac,1c,5fde94
5fe010,1c,5fdfc8
5fe074,1c,5fe02c
5fe254,8,5fe0b8
5fe3ac,8,5fe25c
5febf4,34,5feb6c
5fec70,28,5fec28
5fece0,28,5fec98
5ffe3c,34,5ffd94
5fff60,18,5fff4c
601840,14,601810
601880,14,601854
6018bc,14,601894
602154,14,602124
602194,14,602168
6021d0,14,6021a8
602814,14,6027e4
602854,14,602828
602890,14,602868
603270,14,603240
6032b0,14,603284
6032ec,14,6032c4
60498c,14,604960
6049cc,14,6049a0
604a08,14,6049e0
6056c4,14,605698
605704,14,6056d8
605740,14,605718
605938,28,6058f0
605a04,28,6059c8
605b34,14,605b04
605b74,14,605b48
605bb0,20,605b88
606154,14,606128
606194,14,606168
6061d0,14,6061a8
6062e0,14,6062b0
606320,14,6062f4
60635c,14,606334
6065a8,14,606578
6065e8,14,6065bc
606624,14,6065fc
606764,14,606734
6067a4,14,606778
6067e0,14,6067b8
6069b0,14,606980
6069f0,14,6069c4
606a2c,14,606a04
606a6c,14,606a40
606aac,14,606a80
606ae8,14,606ac0
606cb8,14,606c88
606cf8,14,606ccc
606d34,14,606d0c
606e2c,14,606e00
606e6c,14,606e40
607864,10,607860
6078a0,14,607874
6078dc,14,6078b4
6083cc,14,60839c
60840c,14,6083e0
608448,14,608420
608c18,14,608b40
608ec4,24,608cac
6091f4,14,609164
60928c,14,609208
6094ac,14,6093f4
609950,34,609898
609a60,2c,609a0c
609e78,14,609d74
60a044,28,609ef4
60b238,14,60b21c
60b26c,14,60b24c
60b50c,1c,60b280
60bda0,28,60ba40
60c134,38,60bdc8
60c2e4,20,60c1a8
60c3c8,20,60c304
60c648,1c,60c544
60c6b8,14,60c664
60c77c,38,60c73c
60c7f8,38,60c7b4
60da20,8,60d6f4
60e06c,14,60dfe0
60e0fc,14,60e080
60e938,20,60e654
60ea54,10,60e958
60ee40,18,60ea64
60ef98,10,60ee64
60f0a4,10,60efa8
60f314,10,60f0c4
60f820,2c,60f324
60fa9c,20,60f84c
60fd14,20,60fabc
610538,20,610374
610800,30,6107ac
6108fc,6c,610840
61191c,14,61187c
611d44,10,611c9c
612400,10,6121d4
612ae0,10,612a3c
612e98,10,612c7c
613518,10,6133bc
6138d4,10,613824
6141e4,10,61399c
614454,10,6142c4
614960,10,614600
614a08,10,614970
615aec,10,6158ac
615df8,10,615bd0
616024,10,615e08
616434,10,616034
6167e8,10,61651c
616d00,14,616cb0
616ec4,64,616d14
617004,50,616f38
61868c,14,618670
6186d0,20,6186a4
618c6c,14,618c50
619238,d0,618c8c
619324,14,619308
619944,48,619344
619a8c,14,6199c8
619b80,1c,619aa0
619c90,14,619b9c
619d78,20,619ca4
619dc0,20,619d98
619fbc,40,619ef0
61a4c4,14,61a4a8
61ac74,14,61ab2c
61b248,48,61ae6c
61b9f4,40,61b6b8
61bae0,20,61ba38
61c3a4,48,61bfe4
61c408,14,61c3ec
61c4c4,20,61c41c
61c554,14,61c4e4
61c6e4,14,61c5e8
61c7cc,20,61c6fc
61c91c,20,61c88c
61c9ec,20,61c93c
61cab4,20,61ca0c
61cb00,14,61cad4
61cb40,14,61cb14
61cb7c,14,61cb54
61cc2c,14,61cbcc
61ce20,14,61ccc0
61d268,8,61d21c
61d67c,8,61d648
625220,18,6251a8
62642c,14,626368
6264d0,14,626440
626580,14,6264e4
628b58,14,628a6c
628bf8,14,628bb8
628d5c,1c,628c60
62eeac,14,62ed5c
630c10,14,630b6c
630c94,18,630c24
63c6e0,cc,63c0d4
63cbe0,78,63c7ac
63cd44,3c,63cc58
63d174,bc,63cda0
642b90,8,642b0c
642d78,8,642c0c
6432e4,38,6431d8
643420,38,64331c
6436ac,14,64367c
6436ec,14,6436c0
643894,8,64386c
6438c0,8,64389c
6438f0,8,6438c8
64391c,8,6438f8
643d50,14,643d20
643dc0,14,643d6c
643e30,14,643dd4
643eb0,14,643e44
643f28,14,643ec4
643f6c,14,643f3c
643fac,14,643f80
643ff0,14,643fc0
644030,14,644004
6440c4,14,644090
644108,14,6440d8
6456ac,28,6455a8
645d18,1c,6456dc
645ee0,28,645e04
64f2a8,1c,64f260
64f4d8,34,64f3f4
64f5bc,18,64f50c
650154,34,6500f8
65025c,48,650198
653e40,8c,653990
654c94,98,6545f8
65b4f8,14,65b4b8
678c20,14,678b28
678e04,14,678c34
678f54,14,678e18
679534,14,679288
6796d4,14,679548
679cf8,2c,679c00
679d70,2c,679d24
679de8,2c,679d9c
67a07c,14,679f84
67a260,14,67a090
67a3b0,14,67a274
67a990,14,67a6e4
67ab30,14,67a9a4
67b154,2c,67b05c
67b1cc,2c,67b180
67b244,2c,67b1f8
67b59c,14,67b4a4
67b780,14,67b5b0
67b8d0,14,67b794
67c0e8,14,67be3c
67c2e8,14,67c15c
67c90c,2c,67c814
67c984,2c,67c938
67c9fc,2c,67c9b0
67cc90,14,67cb98
67ce74,14,67cca4
67cfc4,14,67ce88
67d740,14,67d494
67d8e0,14,67d754
67df04,2c,67de0c
67df7c,2c,67df30
67dff4,2c,67dfa8
67e288,14,67e190
67e46c,14,67e29c
67e5bc,14,67e480
67eb9c,14,67e8f0
67ed3c,14,67ebb0
67f360,2c,67f268
67f3d8,2c,67f38c
67f450,2c,67f404
67f6e4,14,67f5ec
67f8c8,14,67f6f8
67fa18,14,67f8dc
680000,c,67fff8
680198,14,68000c
6807bc,2c,6806c4
680834,2c,6807e8
6808ac,2c,680860
680b80,14,680a88
680d64,14,680b94
680eb4,14,680d78
681494,14,6811e8
681634,14,6814a8
681c58,2c,681b60
681cd0,2c,681c84
681d48,2c,681cfc
683f08,14,683eb8
684000,14,683f84
68710c,2c,6870bc
687188,2c,687138
687574,14,687218
6875d8,2c,687588
687654,30,687604
68aa7c,34,68aa20
68aba0,34,68ab44
68ac0c,14,68abd4
68ac54,14,68ac20
68ad14,28,68acd4
