offset,size,services,calls,commands,label
5194,ac,fs:USER,1,SetPriority,fs_USER_SetPriority
5df0,24,fs:USER,1,Initialize,fs_USER_Initialize
5ff8,10,hid:USER,1,GetIPCHandles,hid_USER_GetIPCHandles
61f0,44,ndm:u,1,OverrideDefaultDaemons,ndm_u_OverrideDefaultDaemons
6244,a0,srv:pm,1,cmd2,srv_pm_cmd2
6494,150,APT:U,2,PrepareToCloseApplication;CloseApplication,APT_U_Multi2
6604,15c,APT:U,1,Initialize,APT_U_Initialize
6768,a8,APT:U,1,Enable,APT_U_Enable
8674,1ec,hid:USER,1,EnableGyroscopeLow,hid_USER_EnableGyroscopeLow
8874,34,hid:USER,1,DisableGyroscopeLow,hid_USER_DisableGyroscopeLow
8964,7c,srv:pm,1,cmdb,srv_pm_cmdb
8b0c,90,srv:pm,1,cmd1,srv_pm_cmd1
9028,160,APT:U,3,IsRegistered;CancelLibraryApplet,APT_U_Multi2
119d8,88,hid:USER,1,EnableAccelerometer,hid_USER_EnableAccelerometer
11a60,14,hid:USER,1,DisableAccelerometer,hid_USER_DisableAccelerometer
1231c,c0,cfg:i,1,GetConfigInfoBlk2,cfg_i_GetConfigInfoBlk2
12940,344,APT:U,2,InquireNotification;SleepSystem,APT_U_Multi2
1bca4,b0,hid:USER,2,GetGyroscopeLowCalibrateParam;GetGyroscopeLowRawToDpsCoefficient,hid_USER_Multi2
1cd84,f0,,1,cmd16,_cmd16
1cecc,60,,1,cmd16,_cmd16
1cf34,50,,1,cmd17,_cmd17
1cfb0,34,,1,cmd2,_cmd2
1d2c4,cc,APT:U,1,AppletUtility,APT_U_AppletUtility
1d478,54,APT:U,1,CancelParameter,APT_U_CancelParameter
1d510,24,APT:U,1,NotifyToWait,APT_U_NotifyToWait
1d5a4,2c,APT:U,1,ReplySleepQuery,APT_U_ReplySleepQuery
1d604,24,APT:U,1,ReplySleepNotificationComplete,APT_U_ReplySleepNotificationComplete
1d628,1e0,APT:U,1,SendParameter,APT_U_SendParameter
1d980,68,cam:u,5,GetActivatedCamera;GetSleepCamera;Activate;SetSleepCamera,cam_u_Multi4
24798,60,dsp::DSP,1,UnloadComponent,dsp__DSP_UnloadComponent
24800,cc,dsp::DSP,1,LoadComponent,dsp__DSP_LoadComponent
25420,1d8,,1,cmd13,_cmd13
25658,ec,,1,cmd14,_cmd14
28d98,20,fs:USER,1,GetPriority,fs_USER_GetPriority
2a9a8,ec,,1,cmdc,_cmdc
2d7610,68,mic:u,1,SetGain,mic_u_SetGain
4e10ac,fc,ac,1,SetClientVersion,ac_SetClientVersion
4e11c4,60,ac,1,IsConnected,ac_IsConnected
4e122c,58,ac,1,IsConnected,ac_IsConnected
4e128c,bc,ac,2,UnExclusiveAsync;GetUnExcusiveResult,ac_Multi2
4e13dc,bc,ac,2,LogoutHotspotAsync;GetLogoutHotspotResult,ac_Multi2
4e14b0,b0,ac+ndm:u,3,ScanAPs;LeaveExclusiveState;EnterExclusiveState,ac_Multi3
4e161c,2c,ac+ndm:u,2,LeaveExclusiveState;GetConnectResult,ac_Multi2
4e1674,b0,ac+ndm:u,3,ScanNintendoZone;LeaveExclusiveState;EnterExclusiveState,ac_Multi3
4e1730,30,ndm:u,1,LeaveExclusiveState,ndm_u_LeaveExclusiveState
4e1760,104,ac+ndm:u,3,LeaveExclusiveState;GetConnectResult,ac_Multi2
4e186c,10c,ac:i,1,SetClientVersion,ac_i_SetClientVersion
4e1a14,ac,ac+ndm:u,3,ScanNintendoZoneSubset;LeaveExclusiveState;EnterExclusiveState,ac_Multi3
4e1acc,c4,ac+ndm:u,5,GetInfraPriority;AddDenyApType;ConnectAsync;SetRequestEulaVersion;EnterExclusiveState,ac_Multi5
4e1ba0,b8,ac,2,IsConnected;GetStatus,ac_Multi2
4e1c88,bc,ac,2,CloseAsync;GetCloseResult,ac_Multi2
4e740c,bc,ac,2,CloseAllASync;GetCloseAllResult,ac_Multi2
4e74d4,c0,ndm:u,1,LeaveExclusiveState,ndm_u_LeaveExclusiveState
4e75a4,bc,ac,2,cmd15;GetExclusiveResult,ac_Multi2
4e766c,18,fs:USER,1,CreateSeed,fs_USER_CreateSeed
4e7764,28,fs:USER,1,GetNandCid,fs_USER_GetNandCid
4e778c,24,fs:USER,1,GetNandLog,fs_USER_GetNandLog
4e77b0,28,fs:USER,1,GetSdmcCid,fs_USER_GetSdmcCid
4e77d8,24,fs:USER,1,GetSdmcLog,fs_USER_GetSdmcLog
4e7800,1c,fs:USER,1,GetCardType,fs_USER_GetCardType
4e7820,20,fs:USER,1,SetPriority,fs_USER_SetPriority
4e7840,18,fs:USER,1,ClearNandLog,fs_USER_ClearNandLog
4e7858,18,fs:USER,1,ClearSdmcLog,fs_USER_ClearSdmcLog
4e7870,80,fs:USER,1,ControlArchive,fs_USER_ControlArchive
4e7b78,54,fs:USER,1,ControlArchive,fs_USER_ControlArchive
4e7bd8,18,fs:USER,1,DeleteSdmcRoot,fs_USER_DeleteSdmcRoot
4e7bf4,74,fs:USER,1,FormatSaveData,fs_USER_FormatSaveData
4e7c6c,7c,fs:USER,1,FormatSaveData,fs_USER_FormatSaveData
4e7cfc,34,fs:USER,1,CardSlotIsInserted,fs_USER_CardSlotIsInserted
4e7d34,34,fs:USER,1,IsSdmcDetected,fs_USER_IsSdmcDetected
4e7d6c,34,fs:USER,1,IsSdmcWritable,fs_USER_IsSdmcWritable
4e7da0,30,fs:USER,1,cmd86a,fs_USER_cmd86a
4e7dd0,20,fs:USER,1,CardSlotPowerOn,fs_USER_CardSlotPowerOn
4e7f48,20,fs:USER,1,CardSlotPowerOff,fs_USER_CardSlotPowerOff
4e7ff4,20,fs:USER,1,GetNandSpeedInfo,fs_USER_GetNandSpeedInfo
4e8014,20,fs:USER,1,GetSdmcSpeedInfo,fs_USER_GetSdmcSpeedInfo
4e8128,8c,fs:USER,1,CreateExtSaveData,fs_USER_CreateExtSaveData
4e81bc,6c,fs:USER,1,DeleteExtSaveData,fs_USER_DeleteExtSaveData
4e8278,20,fs:USER,1,GetSdmcFatfsError,fs_USER_GetSdmcFatfsError
4e83e4,20,fs:USER,1,SetCardSpiBusMode,fs_USER_SetCardSpiBusMode
4e853c,24,fs:USER,3,GetArchiveResource;GetLegacyRomHeader;GetSdmcCtrRootPath,fs_USER_Multi3
4e864c,20,fs:USER,1,SetCardSpiBaudRate,fs_USER_SetCardSpiBaudRate
4e8670,28,fs:USER,1,AbnegateAccessRight,fs_USER_AbnegateAccessRight
4e869c,34,fs:USER,3,GetLegacyBannerData;cmd868;SetPriority,fs_USER_Multi3
4e88a8,44,fs:USER,1,QueryTotalQuotaSize,fs_USER_QueryTotalQuotaSize
4e88ec,7c,fs:USER,1,ReadExtSaveDataIcon,fs_USER_ReadExtSaveDataIcon
4e8970,40,fs:USER,1,cmd870,fs_USER_cmd870
4e89b8,54,fs:USER,1,ControlArchive,fs_USER_ControlArchive
4e8a14,8c,fs:USER,2,CreateSystemSaveData;DeleteSystemSaveData,fs_USER_Multi2
4e8af0,90,fs:USER,1,EnumerateExtSaveData,fs_USER_EnumerateExtSaveData
4e8d54,34,fs:USER,1,cmd872,fs_USER_cmd872
4e8d90,18,fs:USER,1,cmd874,fs_USER_cmd874
4e8dac,30,fs:USER,1,CardNorDirectCpuWriteWithoutVerify,fs_USER_CardNorDirectCpuWriteWithoutVerify
4e8ddc,84,fs:USER,1,FormatSaveData,fs_USER_FormatSaveData
4e8e68,a0,fs:USER,2,OpenArchive;ControlArchive,fs_USER_Multi2
4e8f10,80,fs:USER,1,GetArchiveResource,fs_USER_GetArchiveResource
4e8ff8,24,fs:USER,1,SendInitializeInfoTo9,fs_USER_SendInitializeInfoTo9
4e9020,f0,fs:USER,1,OpenArchive,fs_USER_OpenArchive
4e91f8,2c,fs:USER,1,SetFsCompatibilityInfo,fs_USER_SetFsCompatibilityInfo
4e922c,28,fs:USER,1,cmd873,fs_USER_cmd873
4e9258,74,fs:USER,2,CreateExtSaveData;DeleteExtSaveData,fs_USER_Multi2
4e933c,88,fs:USER,1,GetExtDataBlockSize,fs_USER_GetExtDataBlockSize
4e93c8,24,fs:USER,1,InitializeCtrFileSystem,fs_USER_InitializeCtrFileSystem
4e94cc,74,fs:USER,1,CreateSystemSaveData,fs_USER_CreateSystemSaveData
4e9548,1c,fs:USER,1,DeleteSystemSaveData,fs_USER_DeleteSystemSaveData
4e960c,44,srv:pm,1,cmd9,srv_pm_cmd9
4e9658,48,srv:pm,1,cmd9,srv_pm_cmd9
4e96a8,20,fs:USER,1,CardNorDirectSectorEraseWithoutVerify,fs_USER_CardNorDirectSectorEraseWithoutVerify
4e9728,e8,fs:USER,1,File::Read,fs_USER_File::Read
4e9820,40,srv:pm,1,cmd9,srv_pm_cmd9
4e9864,48,srv:pm,1,cmd9,srv_pm_cmd9
4e98b8,1c,fs:USER,1,DeleteAllExtSaveDataOnNand,fs_USER_DeleteAllExtSaveDataOnNand
4e98d8,60,fs:USER,1,EnumerateExtSaveData,fs_USER_EnumerateExtSaveData
4e9938,7c,fs:USER,1,FormatSaveData,fs_USER_FormatSaveData
4e99bc,78,fs:USER,1,FormatSaveData,fs_USER_FormatSaveData
4e9a3c,64,fs:USER,1,cmd876,fs_USER_cmd876
4e9b6c,50,fs:USER,1,cmd875,fs_USER_cmd875
4e9bc4,28,srv:pm,1,cmda,srv_pm_cmda
4e9c84,28,srv:pm,1,cmda,srv_pm_cmda
4e9cb0,20,fs:USER,1,CardSlotGetCardIFPowerStatus,fs_USER_CardSlotGetCardIFPowerStatus
4e9dbc,9c,fs:USER,1,SetPriority,fs_USER_SetPriority
4e9f04,1c,fs:USER,1,SwitchCleanupInvalidSaveData,fs_USER_SwitchCleanupInvalidSaveData
4e9f50,5c,fs:USER,1,GetExtDataBlockSize,fs_USER_GetExtDataBlockSize
4ea154,94,fs:USER,1,CreateSystemSaveData,fs_USER_CreateSystemSaveData
4ea1ec,4c,fs:USER,1,DeleteSystemSaveData,fs_USER_DeleteSystemSaveData
4ea2a0,1c,fs:USER,1,ResetCardCompatibilityParameter,fs_USER_ResetCardCompatibilityParameter
4ea33c,40,fs:USER,1,CheckAuthorityToAccessExtSaveData,fs_USER_CheckAuthorityToAccessExtSaveData
4ea5b0,a0,fs:USER,2,OpenArchive;ControlArchive,fs_USER_Multi2
4ea6ec,40,fs:USER+srv:pm,2,cmd9;CreateExtSaveData,fs_USER_Multi2
4ea8d8,c0,fs:USER,2,File::Read;File::Close,fs_USER_Multi2
4ea9a0,2c,fs:USER,1,ReadSpecialFile,fs_USER_ReadSpecialFile
4ea9d0,b0,fs:USER,2,GetLegacyRomHeader2;GetLegacyBannerData,fs_USER_Multi2
4eab04,e0,fs:USER,2,File::Read;File::Close,fs_USER_Multi2
4eadcc,274,fs:USER,2,OpenArchive;GetLegacySubBannerData,fs_USER_Multi2
4ec858,ac,fs:USER,1,OpenArchive,fs_USER_OpenArchive
4ec91c,1c,fs:USER,1,Initialize,fs_USER_Initialize
4ec9e4,6c,fs:USER,1,CreateFile,fs_USER_CreateFile
4eca54,58,fs:USER,1,DeleteFile,fs_USER_DeleteFile
4ecbc4,9c,fs:USER,1,OpenDirectory,fs_USER_OpenDirectory
4ecc70,58,fs:USER,1,CreateDirectory,fs_USER_CreateDirectory
4ecccc,58,fs:USER,1,DeleteDirectory,fs_USER_DeleteDirectory
4ecdc0,3c,fs:USER,1,SetArchivePriority,fs_USER_SetArchivePriority
4ecdfc,58,fs:USER,1,DeleteDirectoryRecursively,fs_USER_DeleteDirectoryRecursively
4ece88,20,fs:USER,1,File::OpenLinkFile,fs_USER_File::OpenLinkFile
4ecea8,20,fs:USER,1,File::SetPriority,fs_USER_File::SetPriority
4ecec8,44,fs:USER,1,cmd801,fs_USER_cmd801
4ecf18,6c,fs:USER,1,File::Close,fs_USER_File::Close
4ecf88,40,fs:USER,1,File::Read,fs_USER_File::Read
4ecfc8,88,fs:USER,1,File::Write,fs_USER_File::Write
4ed050,90,fs:USER,1,File::Write,fs_USER_File::Write
4ed0e0,44,fs:USER,1,cmdc01,fs_USER_cmdc01
4ed14c,b0,fs:USER,1,OpenFile,fs_USER_OpenFile
4ed20c,38,fs:USER,1,cmd803,fs_USER_cmd803
4ed248,64,fs:USER,1,cmd802,fs_USER_cmd802
4ed450,120,fs:USER,1,OpenArchive,fs_USER_OpenArchive
4ed740,a4,fs:USER,1,OpenArchive,fs_USER_OpenArchive
4ed7f8,a4,fs:USER,1,OpenArchive,fs_USER_OpenArchive
4ed8ac,b0,fs:USER,1,OpenArchive,fs_USER_OpenArchive
4ed96c,a4,fs:USER,1,OpenArchive,fs_USER_OpenArchive
4eda24,a4,fs:USER,1,OpenArchive,fs_USER_OpenArchive
4ef710,30,fs:USER,1,CardNorDirectRead,fs_USER_CardNorDirectRead
4ef740,40,fs:USER,1,CardNorDirectReadWithAddress,fs_USER_CardNorDirectReadWithAddress
4ef780,30,fs:USER,1,CardNorDirectWrite,fs_USER_CardNorDirectWrite
4ef7b0,40,fs:USER,1,CardNorDirectWriteWithAddress,fs_USER_CardNorDirectWriteWithAddress
4efae0,20,fs:USER,1,CardNorDirectCommand,fs_USER_CardNorDirectCommand
4efb00,28,fs:USER,1,CardNorDirectCommandWithAddress,fs_USER_CardNorDirectCommandWithAddress
4efc88,60,fs:USER,1,SetPriority,fs_USER_SetPriority
4efd44,40,fs:USER,1,CardNorDirectRead_4xIO,fs_USER_CardNorDirectRead_4xIO
4f0088,3c,ir:USER,1,Disconnect,ir_USER_Disconnect
4f00c8,184,ir:USER,1,InitializeIrnopShared,ir_USER_InitializeIrnopShared
4f02f8,8a4,srv:pm,3,cmdc,srv_pm_cmdc
4f0bd0,44,ir:USER,1,GetSendEvent,ir_USER_GetSendEvent
4f0c14,48,ir:USER,1,AnyConnection,ir_USER_AnyConnection
4f0ddc,b0,ir:USER,1,AutoConnection,ir_USER_AutoConnection
4f0e98,5c,ir:USER,1,AutoConnection,ir_USER_AutoConnection
4f0f78,48,ir:USER,1,WaitConnection,ir_USER_WaitConnection
4f0fcc,48,ir:USER,1,WaitConnection,ir_USER_WaitConnection
4f1240,3c,ir:USER,1,ClearSendBuffer,ir_USER_ClearSendBuffer
4f1280,44,ir:USER,1,GetReceiveEvent,ir_USER_GetReceiveEvent
4f1320,d8,srv:pm,1,cmdc,srv_pm_cmdc
4f1ac8,48,ir:USER,1,RequireConnection,ir_USER_RequireConnection
4f20d8,60,ir:USER,1,ClearReceiveBuffer,ir_USER_ClearReceiveBuffer
4f2b38,11c,ir:USER,1,ReleaseReceivedData,ir_USER_ReleaseReceivedData
4f2d44,c4,ir:USER,1,ReleaseReceivedData,ir_USER_ReleaseReceivedData
4f30cc,cc,srv:pm,1,cmdc,srv_pm_cmdc
4f33c4,44,ir:USER,1,GetConnectionStatusEvent,ir_USER_GetConnectionStatusEvent
4f3408,48,ir:USER,1,cmd12,ir_USER_cmd12
4f34bc,48,srv:pm,1,cmd9,srv_pm_cmd9
4f36a4,30,srv:pm,1,cmdc,srv_pm_cmdc
4f36e4,48,srv:pm,1,cmd9,srv_pm_cmd9
4f3738,34,srv:pm,1,cmda,srv_pm_cmda
4f3778,44,ir:USER,1,cmd11,ir_USER_cmd11
4f387c,34,srv:pm,1,cmda,srv_pm_cmda
4f3c14,50,ir:USER,2,SendIrnop;SendIrnopLarge,ir_USER_Multi2
4f4378,16c,ir:USER,1,ReleaseReceivedData,ir_USER_ReleaseReceivedData
4f44fc,64,ir:USER,1,FinalizeIrnop,ir_USER_FinalizeIrnop
4f6784,1c,ptm:u,1,GetStepHistory,ptm_u_GetStepHistory
4f693c,1c,ptm:u,1,GetTotalStepCount,ptm_u_GetTotalStepCount
4f7978,78,ndm:u,1,EnterExclusiveState,ndm_u_EnterExclusiveState
4f79f8,54,ndm:u,1,LeaveExclusiveState,ndm_u_LeaveExclusiveState
4fabb0,58,cecd:s,1,GenHashConsoleUnique,cecd_s_GenHashConsoleUnique
4fad4c,c,cecd:s,1,cmd417,cecd_s_cmd417
4fad80,30,cecd:s,1,cmd416,cecd_s_cmd416
4faf88,5c,cecd:s+cecd:u,2,ReadMessage,cecd_s_ReadMessage
4fb02c,5c,cecd:s+cecd:u,2,WriteMessage,cecd_s_WriteMessage
4fb094,5c,cecd:s+cecd:u,2,OpenAndRead,cecd_s_OpenAndRead
4fb0fc,40,cecd:s,1,OpenAndWrite,cecd_s_OpenAndWrite
4fb258,5c,cecd:s+cecd:u,2,WriteMessageWithHMAC,cecd_s_WriteMessageWithHMAC
4fbb40,78,cecd:s+cecd:u,2,Write/WriteRawFile,cecd_s_Write/WriteRawFile
4fc704,40,cecd:s,1,Delete,cecd_s_Delete
4fc78c,40,cecd:s,1,ReadData/GetSystemInfo,cecd_s_ReadData/GetSystemInfo
4fd15c,34,cfg:i,1,GetConfigInfoBlk2,cfg_i_GetConfigInfoBlk2
4fd198,38,cfg:i,1,GetConfigInfoBlk2,cfg_i_GetConfigInfoBlk2
4fd1d0,74,cfg:i,1,GetConfigInfoBlk2,cfg_i_GetConfigInfoBlk2
4fd248,74,cfg:i,1,GetConfigInfoBlk2,cfg_i_GetConfigInfoBlk2
4fd2c8,38,cfg:i,1,GetConfigInfoBlk2,cfg_i_GetConfigInfoBlk2
4fd300,28,cfg:i,1,GenHashConsoleUnique,cfg_i_GenHashConsoleUnique
4fd328,44,cfg:i,1,GetConfigInfoBlk2,cfg_i_GetConfigInfoBlk2
4fd370,3c,cfg:i,1,GetConfigInfoBlk2,cfg_i_GetConfigInfoBlk2
4fd3ac,38,cfg:i,1,GetConfigInfoBlk2,cfg_i_GetConfigInfoBlk2
4fd3e4,38,cfg:i,1,GetConfigInfoBlk2,cfg_i_GetConfigInfoBlk2
4fd41c,6c,cfg:i,1,GetConfigInfoBlk2,cfg_i_GetConfigInfoBlk2
4fd48c,78,cfg:i,1,GetConfigInfoBlk2,cfg_i_GetConfigInfoBlk2
4fea5c,1c,cfg:i,1,SecureInfoGetRegion,cfg_i_SecureInfoGetRegion
500738,b8,dsp::DSP,1,GetSemaphore,dsp__DSP_GetSemaphore
500888,74,dsp::DSP,3,LoadComponent;MaskSemaphore;ClearSemaphore,dsp__DSP_Multi3
5009e4,68,dsp::DSP,1,SendDataIsEmpty,dsp__DSP_SendDataIsEmpty
500a4c,34,dsp::DSP,3,UnloadComponent;SetIirFilterI2S1;SetIirFilterI2S2,dsp__DSP_Multi3
500b90,5c,dsp::DSP,2,LoadComponent;GetHeadphoneStatus,dsp__DSP_Multi2
500c54,4c,dsp::DSP,2,ReadPipeIfPossible;InvalidateDCache,dsp__DSP_Multi2
500ce4,2c,dsp::DSP,1,UnloadComponent,dsp__DSP_UnloadComponent
500d14,7c,dsp::DSP,2,LoadComponent;CheckSemaphoreRequest,dsp__DSP_Multi2
500e28,90,dsp::DSP,2,RegisterInterruptEvents,dsp__DSP_RegisterInterruptEvents
500f68,38,dsp::DSP,1,ConvertProcessAddressFromDspDram,dsp__DSP_ConvertProcessAddressFromDspDram
500fa8,68,dsp::DSP,1,UnloadComponent,dsp__DSP_UnloadComponent
501638,2c,dsp::DSP,1,SendData,dsp__DSP_SendData
501798,a4,dsp::DSP,1,cmd2,dsp__DSP_cmd2
503610,8c,mic:u,1,cmd10,mic_u_cmd10
5036bc,58,mic:u,2,IsSampling;UnmapSharedMem,mic_u_Multi2
503724,a4,mic:u,2,SetIirFilterMic;StartSampling,mic_u_Multi2
5037dc,48,mic:u,2,AdjustSampling;SetIirFilterMic,mic_u_Multi2
503968,48,mic:u,2,SetIirFilterMic,mic_u_SetIirFilterMic
503a20,70,mic:u,3,StopSampling;IsSampling;UnmapSharedMem,mic_u_Multi3
503a9c,8c,mic:u,1,cmd10,mic_u_cmd10
503f20,70,mic:u,3,StopSampling;IsSampling;UnmapSharedMem,mic_u_Multi3
503fa0,7c,mic:u,1,MapSharedMem,mic_u_MapSharedMem
512b1c,d8,cfg:i,1,GetConfigInfoBlk2,cfg_i_GetConfigInfoBlk2
51782c,78,srv:pm,1,cmd403,srv_pm_cmd403
5179a4,48,srv:pm,1,cmd404,srv_pm_cmd404
517af8,b8,srv:pm,1,cmdb,srv_pm_cmdb
518678,68,nwm::UDS,1,GetChannel,nwm__UDS_GetChannel
5186f0,b4,ndm:u,2,EnterExclusiveState;LeaveExclusiveState,ndm_u_Multi2
5187b4,b4,ndm:u,2,EnterExclusiveState;LeaveExclusiveState,ndm_u_Multi2
518878,74,nwm::UDS,1,EjectClient,nwm__UDS_EjectClient
518900,19c,nwm::UDS,1,PullPacket,nwm__UDS_PullPacket
518b40,158,nwm::UDS,2,SetProbeResponseParam;CreateNetwork2,nwm__UDS_Multi2
518d14,68,nwm::UDS,1,UpdateNetworkAttribute,nwm__UDS_UpdateNetworkAttribute
518d8c,dc,nwm::UDS,1,ConnectNetwork2,nwm__UDS_ConnectNetwork2
518f64,60,nwm::UDS,1,DestroyNetwork,nwm__UDS_DestroyNetwork
518fd4,60,nwm::UDS,1,EjectSpectator,nwm__UDS_EjectSpectator
519044,68,nwm::UDS,1,UpdateNetworkAttribute,nwm__UDS_UpdateNetworkAttribute
5191a8,124,nwm::UDS,1,ScanOnConnection,nwm__UDS_ScanOnConnection
519414,74,nwm::UDS,1,UpdateNetworkAttribute,nwm__UDS_UpdateNetworkAttribute
519498,60,nwm::UDS,1,DisconnectNetwork,nwm__UDS_DisconnectNetwork
5195c4,15c,nwm::UDS,1,GetNodeInformation,nwm__UDS_GetNodeInformation
519940,40,nwm::UDS,1,GetConnectionStatus,nwm__UDS_GetConnectionStatus
519b80,50,nwm::UDS,1,SetApplicationData,nwm__UDS_SetApplicationData
519be8,44,nwm::UDS,1,GetApplicationData,nwm__UDS_GetApplicationData
519d58,158,nwm::UDS,1,GetNodeInformationList2,nwm__UDS_GetNodeInformationList2
51a1dc,b0,nwm::UDS,1,SendTo,nwm__UDS_SendTo
51a2a8,ec,nwm::UDS,1,Finalize,nwm__UDS_Finalize
51a3a8,214,nwm::UDS,1,InitializeWithVersion,nwm__UDS_InitializeWithVersion
51a5e4,120,nwm::UDS,1,Unbind,nwm__UDS_Unbind
51a71c,128,nwm::UDS,1,cmd23,nwm__UDS_cmd23
51a858,80,nwm::UDS,1,cmd23,nwm__UDS_cmd23
51a8e4,9c,nwm::UDS,1,cmd23,nwm__UDS_cmd23
51aa50,58,nwm::UDS,1,cmd19,nwm__UDS_cmd19
51aab0,5c,nwm::UDS,1,cmd1c,nwm__UDS_cmd1c
51ab18,58,nwm::UDS,1,cmd18,nwm__UDS_cmd18
51ac08,60,nwm::UDS,1,GetNodeInformation,nwm__UDS_GetNodeInformation
51adf4,100,nwm::UDS,1,ScanOnConnection,nwm__UDS_ScanOnConnection
51af30,3c,nwm::UDS,1,cmd23,nwm__UDS_cmd23
51b7f8,48,nwm::UDS,1,Flush,nwm__UDS_Flush
51b8b4,14,ndm:u,1,LeaveExclusiveState,ndm_u_LeaveExclusiveState
51b8cc,1c,y2r:u,1,cmd5,y2r_u_cmd5
51b8f0,30,y2r:u,1,cmd11,y2r_u_cmd11
51b92c,30,y2r:u,1,cmd12,y2r_u_cmd12
51b968,30,y2r:u,1,cmd10,y2r_u_cmd10
51b99c,38,y2r:u,1,cmd2c,y2r_u_cmd2c
51b9d8,38,y2r:u,1,cmd18,y2r_u_cmd18
51ba14,1c,y2r:u,1,cmd1c,y2r_u_cmd1c
51ba30,38,y2r:u,1,cmd13,y2r_u_cmd13
51ba6c,a0,y2r:u,1,cmd2b,y2r_u_cmd2b
51bb14,1c,y2r:u,1,cmd1,y2r_u_cmd1
51bb30,1c,y2r:u,1,cmd27,y2r_u_cmd27
51bb4c,1c,y2r:u,1,cmd3,y2r_u_cmd3
51bb68,24,y2r:u,1,cmd26,y2r_u_cmd26
51bb90,1c,y2r:u,1,cmd28,y2r_u_cmd28
51bbac,1c,y2r:u,1,cmd7,y2r_u_cmd7
51bbc8,1c,y2r:u,1,cmd1a,y2r_u_cmd1a
51bc2c,40,y2r:u,1,cmdf,y2r_u_cmdf
51bca4,1c,y2r:u,1,cmd20,y2r_u_cmd20
51c83c,1c,y2r:u,1,cmd22,y2r_u_cmd22
51c858,84,boss,1,CancelTaskPrivileged,boss_CancelTaskPrivileged
51ccbc,58,boss,1,GetAppIdList,boss_GetAppIdList
51cd14,70,boss,2,GetErrorCode,boss_GetErrorCode
51cd88,ac,boss,1,GetTaskQueryPrivileged,boss_GetTaskQueryPrivileged
51d08c,1e8,boss,2,RegisterTask,boss_RegisterTask
51d274,6c,boss,2,GetOptoutFlag,boss_GetOptoutFlag
51d2e0,40,boss,1,GetSprelayUrl,boss_GetSprelayUrl
51d320,c8,boss,2,GetStepIdList,boss_GetStepIdList
51d3e8,b4,boss,1,GetStepIdListPrivileged,boss_GetStepIdListPrivileged
51d49c,80,boss,2,GetTaskIdList,boss_GetTaskIdList
51d588,58,boss,2,SetOptoutFlag,boss_SetOptoutFlag
51d5e0,68,boss,2,GetStorageInfo,boss_GetStorageInfo
51d6e4,a4,boss,2,UnregisterTask,boss_UnregisterTask
51d788,88,boss,1,UnregisterTaskPrivileged,boss_UnregisterTaskPrivileged
51d810,90,boss,2,SetStorageInfo,boss_SetStorageInfo
51d8a0,40,boss,1,GetPolicyListUrl,boss_GetPolicyListUrl
51d8e0,44,boss,1,SetPolicyListUrl,boss_SetPolicyListUrl
51d924,6c,boss,2,GetNewArrivalFlag,boss_GetNewArrivalFlag
51da84,40,boss,1,GetPolicyListEnvId,boss_GetPolicyListEnvId
51dac4,44,boss,1,SetPolicyListEnvId,boss_SetPolicyListEnvId
51db08,94,boss,1,StartTaskImmediatePrivileged,boss_StartTaskImmediatePrivileged
51dba0,188,boss,2,GetTaskFinishHandle,boss_GetTaskFinishHandle
51dd6c,a4,boss+ndm:u,2,ClearHalfAwakeMacFilter;StartBgImmediatePrivileged,boss_Multi2
51de10,b4,boss,1,GetTaskPriorityPrivileged,boss_GetTaskPriorityPrivileged
51dec8,104,boss,2,GetNsDataIdList2,boss_GetNsDataIdList2
51dfd0,38,boss,1,GetTestModeAvailability,boss_GetTestModeAvailability
51e008,38,boss,1,cmd41e,boss_cmd41e
51e040,3c,boss,1,cmd429,boss_cmd429
51e0a4,38,boss,1,cmd6,boss_cmd6
51e250,174,boss,2,GetTaskFinishHandle,boss_GetTaskFinishHandle
51e3c4,98,boss,2,UpdateTaskCount,boss_UpdateTaskCount
51e45c,f0,boss,2,GetTaskStatus,boss_GetTaskStatus
51e54c,9c,boss,2,StartTaskImmediate,boss_StartTaskImmediate
51e5ec,8c,boss,2,StartTask,boss_StartTask
51e678,8c,boss,2,CancelTask,boss_CancelTask
51e704,90,boss,2,GetTaskCount,boss_GetTaskCount
51e794,e0,boss,2,GetTaskError,boss_GetTaskError
51e874,ec,boss,2,GetTaskResult,boss_GetTaskResult
51e9bc,ac,boss,3,GetNsDataNewFlagPrivileged;GetNsDataNewFlag,boss_Multi2
51ea68,98,boss,3,SetNsDataNewFlagPrivileged;SetNsDataNewFlag,boss_Multi2
51eb00,8c,boss,3,DeleteNsDataPrivileged;DeleteNsData,boss_Multi2
51eb8c,2a4,boss,6,GetNsDataHeaderInfoPrivileged;GetNsDataHeaderInfo;ReadNsDataPrivileged;ReadNsData,boss_Multi4
51ef04,9c,boss,1,cmd1,boss_cmd1
520bd8,a4,boss,2,SendPropertyHandle,boss_SendPropertyHandle
520c84,b0,boss,2,SendProperty,boss_SendProperty
521750,f8,boss,2,ReceiveProperty,boss_ReceiveProperty
521890,6c,boss,1,SendProperty,boss_SendProperty
521904,94,boss,1,ReceiveProperty,boss_ReceiveProperty
522278,9c,boss,1,StartTaskPrivileged,boss_StartTaskPrivileged
5335b8,84,,2,cmdb,_cmdb
533678,24,,1,cmdb,_cmdb
533700,5c,,1,cmd15,_cmd15
5337fc,74,,1,cmd18,_cmd18
53459c,c0,APT:U,2,GetAppletManInfo;Finalize,APT_U_Multi2
5349cc,a4,APT:U,1,GetAppletInfo,APT_U_GetAppletInfo
534ad4,84,APT:U,1,LeaveHomeMenu,APT_U_LeaveHomeMenu
534c30,140,APT:U,3,GetAppletManInfo;IsRegistered;JumpToHomeMenu,APT_U_Multi3
53516c,174,APT:U,1,IsRegistered,APT_U_IsRegistered
5352f0,84,APT:U,1,GetAppletManInfo,APT_U_GetAppletManInfo
53540c,114,APT:U,1,StartApplication,APT_U_StartApplication
535534,54,APT:U,1,CloseSystemApplet,APT_U_CloseSystemApplet
535598,124,APT:U,1,DoApplicationJump,APT_U_DoApplicationJump
5356d0,98,APT:U,1,JumpToApplication,APT_U_JumpToApplication
53580c,cc,APT:U,1,ReceiveDeliverArg,APT_U_ReceiveDeliverArg
53590c,1c8,APT:U,1,StartSystemApplet,APT_U_StartSystemApplet
535b20,b8,APT:U,1,WakeupApplication,APT_U_WakeupApplication
535c00,54,APT:U,1,CloseLibraryApplet,APT_U_CloseLibraryApplet
535c7c,4c,APT:U,1,CloseLibraryApplet,APT_U_CloseLibraryApplet
535d44,14c,APT:U,1,StartLibraryApplet,APT_U_StartLibraryApplet
535eb8,50,APT:U,1,LeaveResidentApplet,APT_U_LeaveResidentApplet
535f08,118,APT:U,1,StartNewestHomeMenu,APT_U_StartNewestHomeMenu
536034,c4,APT:U,1,StartResidentApplet,APT_U_StartResidentApplet
536408,2c,APT:U,1,SendCaptureBufferInfo,APT_U_SendCaptureBufferInfo
536488,d4,APT:U,1,PrepareToLeaveHomeMenu,APT_U_PrepareToLeaveHomeMenu
536580,7c,APT:U,1,PrepareToJumpToHomeMenu,APT_U_PrepareToJumpToHomeMenu
536844,8c,APT:U,1,PrepareToDoApplicationJump,APT_U_PrepareToDoApplicationJump
5368e0,9c,APT:U,1,PrepareToCloseApplication,APT_U_PrepareToCloseApplication
53698c,90,APT:U,1,PrepareToStartApplication,APT_U_PrepareToStartApplication
536a40,8c,APT:U,1,PrepareToJumpToApplication,APT_U_PrepareToJumpToApplication
536ae0,f8,APT:U,1,PrepareToStartSystemApplet,APT_U_PrepareToStartSystemApplet
53819c,50,APT:U,1,Finalize,APT_U_Finalize
538574,1c,cam:u,1,ClearBuffer,cam_u_ClearBuffer
538590,24,cam:u,1,GetMaxLines,cam_u_GetMaxLines
5385b4,1c,cam:u,1,SetTrimming,cam_u_SetTrimming
5385d0,1c,cam:u,1,StopCapture,cam_u_StopCapture
5385ec,38,cam:u,1,DriverFinalize,cam_u_DriverFinalize
538628,7c,cam:u,1,SetFrameRate,cam_u_SetFrameRate
5386ac,68,cam:u,1,SetReceiving,cam_u_SetReceiving
538718,1c,cam:u,1,StartCapture,cam_u_StartCapture
538744,158,cam:u,1,DriverInitialize,cam_u_DriverInitialize
5388b8,7c,cam:u,1,SetAutoExposure,cam_u_SetAutoExposure
53893c,20,cam:u,1,GetTransferBytes,cam_u_GetTransferBytes
53895c,50,cam:u,1,PlayShutterSound,cam_u_PlayShutterSound
5389b4,1c,cam:u,1,SetTransferBytes,cam_u_SetTransferBytes
5389d0,1c,cam:u,1,SetTransferLines,cam_u_SetTransferLines
5389ec,7c,cam:u,1,SetAutoWhiteBalance,cam_u_SetAutoWhiteBalance
538a70,40,cam:u,1,GetVsyncInterruptEvent,cam_u_GetVsyncInterruptEvent
538ab0,24,cam:u,1,SetTrimmingParamsCenter,cam_u_SetTrimmingParamsCenter
538ad4,40,cam:u,1,GetBufferErrorInterruptEvent,cam_u_GetBufferErrorInterruptEvent
538e7c,74,cam:u,1,GetSuitableY2rStandardCoefficient,cam_u_GetSuitableY2rStandardCoefficient
53a510,20,cam:u,1,IsBusy,cam_u_IsBusy
53a530,84,cam:u,1,SetSize,cam_u_SetSize
53a5bc,74,cam:u,1,Activate,cam_u_Activate
53b2e8,154,frd:u,2,SetClientSdkVersion;GetMyPresence,frd_u_Multi2
53b464,130,frd:u,1,GetFriendAttributeFlags,frd_u_GetFriendAttributeFlags
53b59c,5c,frd:u,1,HasLoggedIn,frd_u_HasLoggedIn
53cc3c,90,frd:u,1,GetFriendMii,frd_u_GetFriendMii
53cce0,160,frd:u,1,GetFriendMii,frd_u_GetFriendMii
53cf38,4c,frd:a,1,RemoveFriend,frd_a_RemoveFriend
53d030,9c,frd:u,1,GetFriendInfo,frd_u_GetFriendInfo
53d0e0,164,frd:u,1,GetFriendInfo,frd_u_GetFriendInfo
53d2cc,64,frd:u,1,GetMyPresence,frd_u_GetMyPresence
53d438,64,frd:u,1,GetMyFriendKey,frd_u_GetMyFriendKey
53d53c,6c,frd:u,1,SendInvitation,frd_u_SendInvitation
53d5b8,100,frd:u,1,SendInvitation,frd_u_SendInvitation
53d6cc,ac,frd:u,1,UpdateMyPresence,frd_u_UpdateMyPresence
53d78c,70,frd:u,1,GetMyPreference,frd_u_GetMyPreference
53d80c,80,frd:u,1,GetMyPreference,frd_u_GetMyPreference
53d910,120,frd:u,1,SetClientSdkVersion,frd_u_SetClientSdkVersion
53da50,94,frd:u,1,GetFriendComment,frd_u_GetFriendComment
53daf8,164,frd:u,1,GetFriendComment,frd_u_GetFriendComment
53dd0c,84,frd:u,1,GetFriendProfile,frd_u_GetFriendProfile
53dda4,140,frd:u,1,GetFriendProfile,frd_u_GetFriendProfile
53df68,64,frd:u,1,GetMyFriendKey,frd_u_GetMyFriendKey
53e054,4c,frd:a,1,LoadLocalAccount,frd_a_LoadLocalAccount
53e0ac,94,frd:u,1,UpdateMyPresence,frd_u_UpdateMyPresence
53e154,5c,frd:a,1,UpdatePreference,frd_a_UpdatePreference
53e23c,ec,frd:u,1,GetMyPresence,frd_u_GetMyPresence
53e540,4c,frd:a,1,UpdatePlayingGame,frd_a_UpdatePlayingGame
53e598,64,frd:a,1,CreateLocalAccount,frd_a_CreateLocalAccount
53e608,4c,frd:a,1,DeleteLocalAccount,frd_a_DeleteLocalAccount
53e6f8,44,frd:a,1,IncrementMoveCount,frd_a_IncrementMoveCount
53e784,44,frd:a,1,UnloadLocalAccount,frd_a_UnloadLocalAccount
53e7d4,4c,frd:a,1,UpdateFavoriteGame,frd_a_UpdateFavoriteGame
53ea50,5c,frd:u,1,GetMyLocalAccountId,frd_u_GetMyLocalAccountId
53eab4,70,frd:u,1,GetMyPreference,frd_u_GetMyPreference
53ec24,4c,frd:a,1,SetNcPrincipalId,frd_a_SetNcPrincipalId
53ec7c,88,frd:u,1,GetEventNotification,frd_u_GetEventNotification
53ed0c,90,frd:u,1,GetFriendPlayingGame,frd_u_GetFriendPlayingGame
53edb0,160,frd:u,1,GetFriendPlayingGame,frd_u_GetFriendPlayingGame
53ef20,bc,frd:u,1,GetMyApproachContext,frd_u_GetMyApproachContext
53eff4,6c,frd:u,1,GetMyFriendKey,frd_u_GetMyFriendKey
53f068,74,frd:u,1,GetMyPresence,frd_u_GetMyPresence
53f0ec,d0,frd:u,1,AddFriendWithApproach,frd_u_AddFriendWithApproach
53f298,a4,frd:u,1,DecryptApproachContext,frd_u_DecryptApproachContext
53f34c,84,frd:u,1,GetFriendFavoriteGame,frd_u_GetFriendFavoriteGame
53f3e4,140,frd:u,1,GetFriendFavoriteGame,frd_u_GetFriendFavoriteGame
53f534,84,frd:u,1,GetFriendRelationship,frd_u_GetFriendRelationship
53f5cc,140,frd:u,1,GetFriendRelationship,frd_u_GetFriendRelationship
53fa1c,10c,frd:u,1,HasLoggedIn,frd_u_HasLoggedIn
53fb40,c8,frd:u,1,GetMyApproachContext,frd_u_GetMyApproachContext
53fd10,60,frd:u,1,GetFriendAttributeFlags,frd_u_GetFriendAttributeFlags
53fe10,140,frd:u,1,GetFriendAttributeFlags,frd_u_GetFriendAttributeFlags
5400fc,fc,frd:u,1,HasLoggedIn,frd_u_HasLoggedIn
54031c,d8,frd:u,1,DecryptApproachContext,frd_u_DecryptApproachContext
540404,d8,frd:u,1,DecryptApproachContext,frd_u_DecryptApproachContext
541ad8,5c,frd:u,1,IsOnline,frd_u_IsOnline
541b3c,70,frd:a,1,AddFriendOnline,frd_a_AddFriendOnline
61d3a8,a8,mic:u,2,SetGain;SetPower,mic_u_Multi2
61d5c0,84,mic:u,1,SetPower,mic_u_SetPower
6315fc,20,fs:USER,1,File::GetSize,fs_USER_File::GetSize
631644,20,fs:USER,1,File::GetPriority,fs_USER_File::GetPriority
631664,38,fs:USER,1,cmd804,fs_USER_cmd804
668cf8,2c,ndm:u,1,LeaveExclusiveState,ndm_u_LeaveExclusiveState
668dac,2c,ac+ndm:u,2,LeaveExclusiveState;GetConnectResult,ac_Multi2
668ddc,60,ac,1,IsConnected,ac_IsConnected
