offset,name
119d8,hid_USER_EnableAccelerometer
11a60,hid_USER_DisableAccelerometer
11a74,hid_USER_EnableGyroscopeLow
11aa4,hid_USER_DisableGyroscopeLow
11ad4,hid_USER_EnableAccelerometer
11b40,ndm_u_OverrideDefaultDaemons
11c18,srv_pm_RegisterClient_11c18
11cb0,srv_pm_ReceiveNotification_11cb0
1231c,cfg_i_GetConfigInfoBlk2_1231c
12940,APT_U_Multi2_12940
13260,APT_U_IsRegistered
132a4,APT_U_CancelLibraryApplet
1bca4,hid_USER_Multi2_1bca4
1c6a4,hid_USER_DisableAccelerometer
1cd84,cmd16_1cd84
1cecc,cmd16_1cecc
1cf34,cmd17_1cf34
1cfb0,cmd2_1cfb0
1d2c4,APT_U_AppletUtility
1d478,APT_U_CancelParameter
1d510,APT_U_NotifyToWait
1d5a4,APT_U_ReplySleepQuery
1d604,APT_U_ReplySleepNotificationComplete
1d628,APT_U_SendParameter
1d81c,APT_U_SleepSystem
1d854,APT_U_NotifyToWait
1d88c,APT_U_InquireNotification
1d980,cam_u_Multi4_1d980
24670,cfg_i_GetConfigInfoBlk2_24670
24798,dsp__DSP_UnloadComponent_24798
24800,dsp__DSP_LoadComponent
25058,hid_USER_GetGyroscopeLowCalibrateParam
250b4,hid_USER_GetGyroscopeLowRawToDpsCoefficient
25420,cmd13_25420
25658,cmd14_25658
259c0,APT_U_AppletUtility
25a3c,APT_U_SendParameter
25a94,APT_U_CancelParameter
25b7c,APT_U_ReplySleepQuery
25c4c,APT_U_ReplySleepNotificationComplete
25c84,cam_u_GetSleepCamera
25cc0,cam_u_SetSleepCamera
25cfc,cam_u_GetActivatedCamera
25d38,cam_u_Activate
28d98,fs_USER_GetPriority
28ec4,dsp_DSP_LoadComponent
28f24,dsp_DSP_UnloadComponent
2a7d4,fs_USER_GetPriority
2a9a8,cmdc_2a9a8
2d7610,mic_u_SetGain
4e10ac,ac_SetClientVersion
4e11c4,ac_IsConnected_4e11c4
4e122c,ac_IsConnected_4e122c
4e128c,ac_Multi2_4e128c
4e13dc,ac_Multi2_4e13dc
4e14b0,ac_Multi3_4e14b0
4e161c,ac_Multi2_4e161c
4e1674,ac_Multi3_4e1674
4e1730,ndm_u_LeaveExclusiveState_4e1730
4e1760,ac_Multi2_4e1760
4e186c,ac_i_SetClientVersion
4e1a14,ac_Multi3_4e1a14
4e1acc,ac_Multi5_4e1acc
4e1ba0,ac_Multi2_4e1ba0
4e1c88,ac_Multi2_4e1c88
4e1d4c,ac_CloseAsync
4e1d94,ac_IsConnected
4e1de0,ac_ConnectAsync
4e1e38,ac_AddDenyApType
4e1e98,ac_CloseAllASync
4e1ee0,ac_AddAllowApType
4e1f40,ac_DebugSetApType
4e1fe8,ac_GetAPSSIDList
4e2030,ac_GetCloseResult
4e206c,ac_SetAllowApType
4e2138,ac_SetBssidFilter
4e21a4,ac_SetNetworkArea
4e220c,ac_ScanAPs
4e2280,ac_GetConnectResult
4e22bc,ac_GetInfraPriority
4e2348,ac_GetPowerSaveMode
4e2398,ac_ScanNintendoZone
4e240c,ac_SetClientVersion
4e244c,ac_SetInfraPriority
4e24b4,ac_SetPowerSaveMode
4e251c,ac_SetZoneMacFilter
4e2568,ac_UnExclusiveAsync
4e25b0,ac_GetCloseAllResult
4e25ec,ac_GetConnectingSsid
4e263c,ac_SetAuthServerType
4e26bc,ac_GetExclusiveResult
4e26f8,ac_LogoutHotspotAsync
4e2740,ac_SetFromApplication
4e289c,ac_GetConnectingHotspot
4e2900,ac_GetNotAwakeMacFilter
4e2964,ac_GetStatusChangeEvent
4e29ac,ac_GetUnExcusiveResult
4e29e8,ac_EndScanUsbAccessPoint
4e2a24,ac_GetConnectingLocation
4e2a80,ac_SetRequestEulaVersion
4e2af0,ac_ConvertPassphraseToPsk
4e2b68,ac_GetConnectingProxyHost
4e2bb8,ac_GetConnectingProxyPort
4e2bf4,ac_GetLastDetailErrorCode
4e2c30,ac_GetLogoutHotspotResult
4e2c6c,ac_ScanNintendoZoneSubset
4e2ce0,ac_BeginScanUsbAccessPoint
4e2d28,ac_DebugSetNetworkSetting1
4e2da4,ac_GetConnectingSsidLength
4e2de0,ac_RegisterDisconnectEvent
4e2e28,ac_GetCurrentAPInfo
4e2e8c,ac_GetConnectingProxyEnable
4e2ec8,ac_GetConnectingSecurityMode
4e2f04,ac_GetConnectingHotspotSubset
4e2f68,ac_GetConnectingInfraPriority
4e2fa4,ac_GetConnectingProxyAuthType
4e2fe0,ac_GetConnectingProxyPassword
4e3030,ac_GetConnectingProxyUserName
4e311c,ac_GetCurrentNZoneInfo
4e3180,ac_GetNZoneBeaconNotFoundEvent
4e322c,ac_GetStatus
4e3268,ac_i_CloseAsync
4e32b0,ac_i_IsConnected
4e32fc,ac_i_ConnectAsync
4e3354,ac_i_AddDenyApType
4e33b4,ac_i_CloseAllASync
4e33fc,ac_i_AddAllowApType
4e345c,ac_i_DebugSetApType
4e3504,ac_i_GetAPSSIDList
4e354c,ac_i_GetCloseResult
4e3588,ac_i_SetAllowApType
4e35e8,ac_i_SetApNumFilter
4e3654,ac_i_SetBssidFilter
4e36c0,ac_i_SetNetworkArea
4e3728,ac_i_ScanAPs
4e379c,ac_i_GetConnectResult
4e37d8,ac_i_GetInfraPriority
4e3828,ac_i_GetLastErrorCode
4e3864,ac_i_GetPowerSaveMode
4e38b4,ac_i_ScanNintendoZone
4e3928,ac_i_SetClientVersion
4e3968,ac_i_SetInfraPriority
4e39d0,ac_i_SetPowerSaveMode
4e3a38,ac_i_SetZoneMacFilter
4e3a84,ac_i_UnExclusiveAsync
4e3acc,ac_i_GetCloseAllResult
4e3b08,ac_i_GetConnectingSsid
4e3b58,ac_i_SetAuthServerType
4e3b9c,ac_i_CancelConnectAsync
4e3bd8,ac_i_GetExclusiveResult
4e3c14,ac_i_LoadNetworkSetting
4e3c50,ac_i_LogoutHotspotAsync
4e3c98,ac_i_SetFromApplication
4e3d00,ac_i_CreateDefaultConfig
4e3d50,ac_i_DebugSetNetworkArea
4e3db8,ac_i_FlushNetworkSetting
4e3dec,ac_i_GetWifiStatus
4e3e28,ac_i_GetConnectingHotspot
4e3e8c,ac_i_GetNotAwakeMacFilter
4e3ef0,ac_i_GetStatusChangeEvent
4e3f38,ac_i_GetUnExcusiveResult
4e3f74,ac_i_RemoveNetworkSetting
4e3fb0,ac_i_UpdateNetworkSetting
4e3fec,ac_i_EndScanUsbAccessPoint
4e4028,ac_i_GetConnectingLocation
4e4084,ac_i_GetNetworkSetting_Crc
4e40c4,ac_i_SetNetworkSetting_Crc
4e4100,ac_i_SetRequestEulaVersion
4e4170,ac_i_ConvertPassphraseToPsk
4e41e8,ac_i_GetConnectingProxyHost
4e4238,ac_i_GetConnectingProxyPort
4e4274,ac_i_GetLastDetailErrorCode
4e42b0,ac_i_GetLogoutHotspotResult
4e42ec,ac_i_ScanNintendoZoneSubset
4e4360,ac_i_BeginScanUsbAccessPoint
4e43a8,ac_i_DebugSetNetworkSetting1
4e4424,ac_i_GetConnectingSsidLength
4e4460,ac_i_RegisterDisconnectEvent
4e44a8,ac_i_GetCurrentAPInfo
4e450c,ac_i_GetConnectingProxyEnable
4e4548,ac_i_GetConnectingSecurityMode
4e4584,ac_i_GetNetworkSettingVersion
4e45c4,ac_i_SetNetworkSettingVersion
4e4600,ac_i_GetConnectingHotspotSubset
4e4664,ac_i_GetConnectingInfraPriority
4e46a0,ac_i_GetConnectingProxyAuthType
4e46dc,ac_i_GetConnectingProxyPassword
4e472c,ac_i_GetConnectingProxyUserName
4e4818,ac_i_ConvertNetworkSettingNdsTo3ds
4e4874,ac_i_GetNetworkOtherMtu
4e48b4,ac_i_InitializeNetworkSetting
4e48f0,ac_i_SetNetworkOtherMtu
4e492c,ac_i_GetNetworkIpNetmask
4e4980,ac_i_GetNetworkProxyHost
4e49d4,ac_i_GetNetworkProxyPort
4e4a14,ac_i_SetNetworkIpNetMask
4e4a58,ac_i_SetNetworkProxyHost
4e4a9c,ac_i_SetNetworkProxyPort
4e4ad8,ac_i_GetNetworkIpAddress
4e4b2c,ac_i_GetNetworkProxyEnable
4e4b6c,ac_i_SetNetworkIpAddress
4e4bb0,ac_i_SetNetworkProxyEnable
4e4bec,ac_i_GetConnectingNetworkCrc
4e4c28,ac_i_GetCurrentNZoneInfo
4e4ccc,ac_i_GetNetworkIpPrimaryDNS
4e4d20,ac_i_SetNetworkIpEnableDHCP
4e4d5c,ac_i_SetNetworkIpPrimaryDNS
4e4da0,ac_i_GetNetworkProxyAuthType
4e4de0,ac_i_GetNetworkSettingProxyPassword
4e4e34,ac_i_GetNetworkSettingProxyUserName
4e4e88,ac_i_SetNetworkProxyAuthType
4e4ec4,ac_i_SetNetworkSettingProxyPassword
4e4f08,ac_i_SetNetworkSettingProxyUserName
4e4f4c,ac_i_GetNetworkIpSecondaryDNS
4e4fa0,ac_i_GetNetworkWirelessEnable
4e4fe0,ac_i_SetNetworkIpSecondaryDNS
4e5024,ac_i_SetNetworkWirelessEnable
4e5060,ac_i_GetNetworkEnableUPnP
4e50a0,ac_i_GetNZoneBeaconNotFoundEvent
4e50e8,ac_i_SetNetworkEnableUPnP
4e5124,ac_i_GetConnectingNetworkSettingVersion
4e5164,ac_i_GetNetworkAutoDNSSetting
4e51a4,ac_i_GetNetworkDefaultGateway
4e5234,ac_i_SetNetworkDefaultGateway
4e5278,ac_i_GetConnectingNetworkMtu
4e52b8,ac_i_GetNZoneApNumService
4e531c,ac_i_GetConnectingNetworkIpNetmask
4e5370,ac_i_GetConnectingNetworkProxyHost
4e53c4,ac_i_GetConnectingNetworkProxyPort
4e5404,ac_i_GetConnectingNetworkIpAddress
4e5458,ac_i_GetConnectingNetworkProxyEnable
4e5498,ac_i_GetConnectingNetworkEnableDHCP
4e54d8,ac_i_GetConnectingNetworkPrimaryDNS
4e552c,ac_i_GetConnectingNetworkProxyAuthType
4e556c,ac_i_GetConnectingNetworkProxyPassword
4e55bc,ac_i_GetConnectingNetworkProxyUserName
4e5610,ac_i_GetConnectingNetworkSecondaryDNS
4e5664,ac_i_GetConnectingNetworkWirelessEnable
4e56a4,ac_i_GetNetworkMultiSSIDEnable
4e56e4,ac_i_SetNetworkMultiSSIDEnable
4e5720,ac_i_GetConnectingNetworkEnableUPnP
4e5760,ac_i_GetNetworkWirelessEssidSecurityKey
4e57b4,ac_i_SetNetworkWirelessEssidSecurityKey
4e57f8,ac_i_GetConnectingNetworkIpAutoDNSSetting
4e5834,ac_i_GetConnectingNetworkIpDefaultGateway
4e5888,ac_i_GetNetworkWirelessEssidSecuritySsid
4e58dc,ac_i_SetNetworkWirelessEssidSecuritySsid
4e5920,ac_i_GetNetworkWirelessMultiSsidSettingNum
4e5960,ac_i_SetNetworkWirelessMultiSsidSettingNum
4e599c,ac_i_GetNetworkWirelessEditableEssidSecurity
4e59dc,ac_i_SetNetworkWirelessEditableEssidSecurity
4e5a18,ac_i_GetNetworkIpScanlessConnectHasConnected
4e5a58,ac_i_GetNetworkWirelessMultiSsidSetting0Key
4e5aac,ac_i_GetNetworkWirelessMultiSsidSetting1Key
4e5b00,ac_i_GetNetworkWirelessMultiSsidSetting2Key
4e5b54,ac_i_GetNetworkWirelessMultiSsidSetting3Key
4e5ba8,ac_i_SetNetworkIpScanlessConnectHasConnected
4e5be4,ac_i_SetNetworkWirelessMultiSsidSetting0Key
4e5c28,ac_i_SetNetworkWirelessMultiSsidSetting1Key
4e5c6c,ac_i_SetNetworkWirelessMultiSsidSetting2Key
4e5cb0,ac_i_SetNetworkWirelessMultiSsidSetting3Key
4e5cf4,ac_i_GetNetworkWirelesMultiSsidMultiSsidType
4e5d34,ac_i_GetNetworkWirelessMultiSsidSetting0Ssid
4e5d88,ac_i_GetNetworkMultiSsidSetting1Ssid
4e5ddc,ac_i_GetNetworkWirelessMultiSsidSetting2Ssid
4e5e30,ac_i_GetNetworkWirelessMultiSsidSetting3Ssid
4e5e84,ac_i_SetNetworkWirelesMultiSsidMultiSsidType
4e5ec0,ac_i_SetNetworkWirelessMultiSsidSetting0Ssid
4e5f04,ac_i_SetNetworkMultiSsidSetting1Ssid
4e5f48,ac_i_SetNetworkWirelessMultiSsidSetting2Ssid
4e5f8c,ac_i_SetNetworkWirelessMultiSsidSetting3Ssid
4e5fd0,ac_i_GetNetworkWirelessEssidPassphrase
4e6024,ac_i_GetNetworkWireleesEssidSsidLength
4e6064,ac_i_SetNetworkWirelessEssidPassphrase
4e60a8,ac_i_SetNetworkWirelessEssidSsidLength
4e60e4,ac_i_GetConnectingNetworkMultiSsidEnable
4e6124,ac_i_GetNetworkWirelessEssidSecurityMode
4e6164,ac_i_SetNetworkWirelessEssidSecurityMode
4e61a0,ac_i_GetConnectingNetworkWirelessEssidSecurityKey
4e61f4,ac_i_GetConnectingNetworkWirelessEssidSsid
4e62e0,ac_i_GetNetworkWirelessMultiSsidSetting0PassPhrase
4e6334,ac_i_GetNetworkWirelessMultiSsidSetting0SsidLength
4e6374,ac_i_GetNetworkWirelessMultiSsidSetting1PassPhrase
4e63c8,ac_i_GetNetworkMultiSsidSetting1SsidLength
4e6408,ac_i_GetNetworkWirelessMultiSsidSetting2Passphrase
4e7398,ac_i_GetStatus
4e740c,ac_Multi2_4e740c
4e74d4,ndm_u_LeaveExclusiveState_4e74d4
4e75a4,ac_Multi2_4e75a4
4e766c,fs_USER_CreateSeed
4e7764,fs_USER_GetNandCid
4e778c,fs_USER_GetNandLog
4e77b0,fs_USER_GetSdmcCid
4e77d8,fs_USER_GetSdmcLog
4e7800,fs_USER_GetCardType
4e7820,fs_USER_SetPriority_4e7820
4e7840,fs_USER_ClearNandLog
4e7858,fs_USER_ClearSdmcLog
4e7870,fs_USER_ControlArchive_4e7870
4e7b78,fs_USER_ControlArchive_4e7b78
4e7bd8,fs_USER_DeleteSdmcRoot
4e7bf4,fs_USER_FormatSaveData_4e7bf4
4e7c6c,fs_USER_FormatSaveData_4e7c6c
4e7cfc,fs_USER_CardSlotIsInserted
4e7d34,fs_USER_IsSdmcDetected
4e7d6c,fs_USER_IsSdmcWritable
4e7da0,fs_USER_cmd86a
4e7dd0,fs_USER_CardSlotPowerOn
4e7f48,fs_USER_CardSlotPowerOff
4e7ff4,fs_USER_GetNandSpeedInfo
4e8014,fs_USER_GetSdmcSpeedInfo
4e8128,fs_USER_CreateExtSaveData
4e81bc,fs_USER_DeleteExtSaveData
4e8278,fs_USER_GetSdmcFatfsError
4e83e4,fs_USER_SetCardSpiBusMode
4e853c,fs_USER_Multi3_4e853c
4e864c,fs_USER_SetCardSpiBaudRate
4e8670,fs_USER_AbnegateAccessRight
4e869c,fs_USER_Multi3_4e869c
4e88a8,fs_USER_QueryTotalQuotaSize
4e88ec,fs_USER_ReadExtSaveDataIcon
4e8970,fs_USER_cmd870
4e89b8,fs_USER_ControlArchive_4e89b8
4e8a14,fs_USER_Multi2_4e8a14
4e8af0,fs_USER_EnumerateExtSaveData_4e8af0
4e8d54,fs_USER_cmd872
4e8d90,fs_USER_cmd874
4e8dac,fs_USER_CardNorDirectCpuWriteWithoutVerify
4e8ddc,fs_USER_FormatSaveData_4e8ddc
4e8e68,fs_USER_Multi2_4e8e68
4e8f10,fs_USER_GetArchiveResource
4e8ff8,fs_USER_SendInitializeInfoTo9
4e9020,fs_USER_OpenArchive_4e9020
4e91f8,fs_USER_SetFsCompatibilityInfo
4e922c,fs_USER_cmd873
4e9258,fs_USER_Multi2_4e9258
4e933c,fs_USER_GetExtDataBlockSize_4e933c
4e93c8,fs_USER_InitializeCtrFileSystem
4e94cc,fs_USER_CreateSystemSaveData_4e94cc
4e9548,fs_USER_DeleteSystemSaveData_4e9548
4e960c,srv_pm_cmd9_4e960c
4e9658,srv_pm_cmd9_4e9658
4e96a8,fs_USER_CardNorDirectSectorEraseWithoutVerify
4e9728,fs_USER_File_Read_4e9728
4e9820,srv_pm_cmd9_4e9820
4e9864,srv_pm_cmd9_4e9864
4e98b8,fs_USER_DeleteAllExtSaveDataOnNand
4e98d8,fs_USER_EnumerateExtSaveData_4e98d8
4e9938,fs_USER_FormatSaveData_4e9938
4e99bc,fs_USER_FormatSaveData_4e99bc
4e9a3c,fs_USER_cmd876
4e9b6c,fs_USER_cmd875
4e9bc4,srv_pm_cmda_4e9bc4
4e9c84,srv_pm_cmda_4e9c84
4e9cb0,fs_USER_CardSlotGetCardIFPowerStatus
4e9dbc,fs_USER_SetPriority_4e9dbc
4e9f04,fs_USER_SwitchCleanupInvalidSaveData
4e9f50,fs_USER_GetExtDataBlockSize_4e9f50
4ea154,fs_USER_CreateSystemSaveData_4ea154
4ea1ec,fs_USER_DeleteSystemSaveData_4ea1ec
4ea2a0,fs_USER_ResetCardCompatibilityParameter
4ea33c,fs_USER_CheckAuthorityToAccessExtSaveData
4ea5b0,fs_USER_Multi2_4ea5b0
4ea6ec,fs_USER_Multi2_4ea6ec
4ea8d8,fs_USER_Multi2_4ea8d8
4ea9a0,fs_USER_ReadSpecialFile
4ea9d0,fs_USER_Multi2_4ea9d0
4eab04,fs_USER_Multi2_4eab04
4eadcc,fs_USER_Multi2_4eadcc
4ec858,fs_USER_OpenArchive_4ec858
4ec91c,fs_USER_Initialize_4ec91c
4ec9e4,fs_USER_CreateFile
4eca54,fs_USER_DeleteFile
4ecbc4,fs_USER_OpenDirectory
4ecc70,fs_USER_CreateDirectory
4ecccc,fs_USER_DeleteDirectory
4ecdc0,fs_USER_SetArchivePriority
4ecdfc,fs_USER_DeleteDirectoryRecursively
4ece88,fs_USER_File_OpenLinkFile_4ece88
4ecea8,fs_USER_File_SetPriority_4ecea8
4ecec8,fs_USER_cmd801
4ecf18,fs_USER_File_Close_4ecf18
4ecf88,fs_USER_File_Read_4ecf88
4ecfc8,fs_USER_File_Write_4ecfc8
4ed050,fs_USER_File_Write_4ed050
4ed0e0,fs_USER_cmdc01
4ed14c,fs_USER_OpenFile
4ed20c,fs_USER_cmd803
4ed248,fs_USER_cmd802
4ed450,fs_USER_OpenArchive_4ed450
4ed740,fs_USER_OpenArchive_4ed740
4ed7f8,fs_USER_OpenArchive_4ed7f8
4ed8ac,fs_USER_OpenArchive_4ed8ac
4ed96c,fs_USER_OpenArchive_4ed96c
4eda24,fs_USER_OpenArchive_4eda24
4edb58,fs_USER_CreateFile
4edbb4,fs_USER_CreateSeed
4edbe0,fs_USER_DeleteFile
4edc30,fs_USER_GetNandCid
4edc70,fs_USER_GetNandLog
4edcb0,fs_USER_GetSdmcCid
4edcf0,fs_USER_GetSdmcLog
4eddc0,fs_USER_GetCardType
4eddf8,fs_USER_OpenArchive
4edea4,fs_USER_ClearNandLog
4edecc,fs_USER_ClearSdmcLog
4ee028,fs_USER_OpenDirectory
4ee08c,fs_USER_ControlArchive
4ee0f8,fs_USER_DeleteSdmcRoot
4ee124,fs_USER_FormatSaveData
4ee17c,fs_USER_IsSdmcDetected
4ee1b4,fs_USER_IsSdmcWritable
4ee22c,fs_USER_CardSlotPowerOn
4ee264,fs_USER_CreateDirectory
4ee2b8,fs_USER_DeleteDirectory
4ee308,fs_USER_ReadSpecialFile
4ee3f4,fs_USER_CardSlotPowerOff
4ee42c,fs_USER_GetNandSpeedInfo
4ee464,fs_USER_GetSdmcSpeedInfo
4ee49c,fs_USER_CardNorDirectRead
4ee4e8,fs_USER_CreateExtSaveData
4ee544,fs_USER_DeleteExtSaveData
4ee580,fs_USER_GetSdmcFatfsError
4ee5b8,fs_USER_SetCardSpiBusMode
4ee62c,fs_USER_CardNorDirectWrite
4ee678,fs_USER_CardSlotIsInserted
4ee6ec,fs_USER_GetArchiveResource
4ee73c,fs_USER_GetLegacyRomHeader
4ee78c,fs_USER_GetSdmcCtrRootPath
4ee80c,fs_USER_SetArchivePriority
4ee844,fs_USER_SetCardSpiBaudRate
4ee87c,fs_USER_AbnegateAccessRight
4ee8ac,fs_USER_GetExtDataBlockSize
4ee918,fs_USER_GetLegacyBannerData
4ee968,fs_USER_GetLegacyRomHeader2
4ee9c4,fs_USER_QueryTotalQuotaSize
4eea1c,fs_USER_ReadExtSaveDataIcon
4eeb08,fs_USER_CardNorDirectCommand
4eeb40,fs_USER_CreateSystemSaveData
4eeb90,fs_USER_DeleteSystemSaveData
4eebc4,fs_USER_EnumerateExtSaveData
4eecb8,fs_USER_SendInitializeInfoTo9
4eece4,fs_USER_CardNorDirectRead_4xIO
4eed38,fs_USER_GetLegacySubBannerData
4eee3c,fs_USER_SetFsCompatibilityInfo
4eef74,fs_USER_InitializeCtrFileSystem
4eefe0,fs_USER_DeleteAllExtSaveDataOnNand
4ef010,fs_USER_DeleteDirectoryRecursively
4ef098,fs_USER_CardNorDirectReadWithAddress
4ef0ec,fs_USER_CardSlotGetCardIFPowerStatus
4ef16c,fs_USER_SwitchCleanupInvalidSaveData
4ef1a4,fs_USER_CardNorDirectWriteWithAddress
4ef1f8,fs_USER_CardNorDirectCommandWithAddress
4ef234,fs_USER_ResetCardCompatibilityParameter
4ef26c,fs_USER_CheckAuthorityToAccessExtSaveData
4ef2c0,fs_USER_CardNorDirectCpuWriteWithoutVerify
4ef300,fs_USER_CardNorDirectSectorEraseWithoutVerify
4ef330,fs_USER_OpenFile
4ef3a4,fs_USER_File_GetPriority
4ef428,fs_USER_File_SetPriority
4ef458,fs_USER_File_OpenLinkFile
4ef490,fs_USER_File_Read
4ef4e8,fs_USER_File_Close
4ef514,fs_USER_File_Write
4ef5c0,fs_USER_File_GetSize
4ef710,fs_USER_CardNorDirectRead
4ef740,fs_USER_CardNorDirectReadWithAddress
4ef780,fs_USER_CardNorDirectWrite
4ef7b0,fs_USER_CardNorDirectWriteWithAddress
4efae0,fs_USER_CardNorDirectCommand
4efb00,fs_USER_CardNorDirectCommandWithAddress
4efc88,fs_USER_SetPriority_4efc88
4efd44,fs_USER_CardNorDirectRead_4xIO
4f0088,ir_USER_Disconnect
4f00c8,ir_USER_InitializeIrnopShared
4f02f8,srv_pm_cmdc_4f02f8
4f0bd0,ir_USER_GetSendEvent
4f0c14,ir_USER_AnyConnection
4f0ddc,ir_USER_AutoConnection_4f0ddc
4f0e98,ir_USER_AutoConnection_4f0e98
4f0f78,ir_USER_WaitConnection_4f0f78
4f0fcc,ir_USER_WaitConnection_4f0fcc
4f1240,ir_USER_ClearSendBuffer
4f1280,ir_USER_GetReceiveEvent
4f1320,srv_pm_cmdc_4f1320
4f1ac8,ir_USER_RequireConnection
4f20d8,ir_USER_ClearReceiveBuffer
4f2b38,ir_USER_ReleaseReceivedData_4f2b38
4f2d44,ir_USER_ReleaseReceivedData_4f2d44
4f30cc,srv_pm_cmdc_4f30cc
4f33c4,ir_USER_GetConnectionStatusEvent
4f3408,ir_USER_cmd12
4f34bc,srv_pm_cmd9_4f34bc
4f36a4,srv_pm_cmdc_4f36a4
4f36e4,srv_pm_cmd9_4f36e4
4f3738,srv_pm_cmda_4f3738
4f3778,ir_USER_cmd11
4f387c,srv_pm_cmda_4f387c
4f3c14,ir_USER_Multi2_4f3c14
4f3c68,ir_USER_Disconnect
4f3c98,ir_USER_GetSendEvent
4f3cd4,ir_USER_ReceiveIrnop
4f3d48,ir_USER_AnyConnection
4f3d78,ir_USER_FinalizeIrnop
4f3da8,ir_USER_AutoConnection
4f3dfc,ir_USER_SendIrnopLarge
4f3e44,ir_USER_WaitConnection
4f3e88,ir_USER_ClearSendBuffer
4f3eb8,ir_USER_GetReceiveEvent
4f3ef4,ir_USER_InitializeIrnop
4f3f4c,ir_USER_SetOwnMachineId
4f3fc4,ir_USER_ReceiveIrnopLarge
4f4024,ir_USER_RequireConnection
4f4060,ir_USER_ClearReceiveBuffer
4f40cc,ir_USER_ReleaseReceivedData
4f4104,ir_USER_InitializeIrnopShared
4f41bc,ir_USER_GetConnectionStatusEvent
4f432c,ir_USER_SendIrnop
4f4378,ir_USER_ReleaseReceivedData_4f4378
4f44fc,ir_USER_FinalizeIrnop
4f6784,ptm_u_GetStepHistory
4f693c,ptm_u_GetTotalStepCount
4f7978,ndm_u_EnterExclusiveState
4f79f8,ndm_u_LeaveExclusiveState_4f79f8
4fabb0,cecd_s_GenHashConsoleUnique
4fad4c,cecd_s_cmd417
4fad80,cecd_s_cmd416
4faf88,cecd_s_ReadMessage
4fb02c,cecd_s_WriteMessage
4fb094,cecd_s_OpenAndRead
4fb0fc,cecd_s_OpenAndWrite
4fb258,cecd_s_WriteMessageWithHMAC
4fb3b0,cecd_u_ReadMessage
4fb46c,cecd_u_WriteMessage
4fb4dc,cecd_u_OpenAndRead
4fb54c,cecd_u_GetCecInfoBuffer
4fb594,cecd_u_GetEventLogStart
4fb5d0,cecd_u_OpenAndWrite
4fb66c,cecd_u_GetEventLogEntryCount
4fb73c,cecd_u_WriteMessageWithHMAC
4fb7bc,cecd_u_GetCecInfoEventHandle
4fb944,cecd_u_Write_WriteRawFile
4fb98c,cecd_u_Delete
4fba30,cecd_u_ReadData_GetSystemInfo
4fbb40,cecd_s_Write_WriteRawFile_4fbb40
4fbc0c,cecd_s_ReadMessage
4fbc8c,cecd_s_SprGetSendSlotsMetadata
4fbd1c,cecd_s_GenHashConsoleUnique
4fbd5c,cecd_s_SprGetSlot
4fbda4,cecd_s_SprSetRecvSlotsMetadata
4fbdec,cecd_s_WriteMessage
4fbe5c,cecd_s_SprCreate
4fbe9c,cecd_s_SprSetTitleSent
4fbee0,cecd_s_SprAddSlot
4fbf38,cecd_s_SprDone
4fbfb0,cecd_s_OpenAndRead
4fc020,cecd_s_GetCecInfoBuffer
4fc068,cecd_s_GetEventLogStart
4fc0a4,cecd_s_OpenAndWrite
4fc140,cecd_s_GetEventLogEntryCount
4fc250,cecd_s_SprInitialise
4fc284,cecd_s_SprStartRecv
4fc2b4,cecd_s_WriteMessageWithHMAC
4fc334,cecd_s_SprFinaliseSend
4fc368,cecd_s_SprFinaliseRecv
4fc39c,cecd_s_GetCecInfoEventHandle
4fc3d8,cecd_s_GetCecInfoEventHandleSys
4fc5bc,cecd_s_Write_WriteRawFile
4fc604,cecd_s_Delete
4fc6a8,cecd_s_ReadData_GetSystemInfo
4fc704,cecd_s_Delete
4fc78c,cecd_s_ReadData_GetSystemInfo_4fc78c
4fd15c,cfg_i_GetConfigInfoBlk2_4fd15c
4fd198,cfg_i_GetConfigInfoBlk2_4fd198
4fd1d0,cfg_i_GetConfigInfoBlk2_4fd1d0
4fd248,cfg_i_GetConfigInfoBlk2_4fd248
4fd2c8,cfg_i_GetConfigInfoBlk2_4fd2c8
4fd300,cfg_i_GenHashConsoleUnique
4fd328,cfg_i_GetConfigInfoBlk2_4fd328
4fd370,cfg_i_GetConfigInfoBlk2_4fd370
4fd3ac,cfg_i_GetConfigInfoBlk2_4fd3ac
4fd3e4,cfg_i_GetConfigInfoBlk2_4fd3e4
4fd41c,cfg_i_GetConfigInfoBlk2_4fd41c
4fd48c,cfg_i_GetConfigInfoBlk2_4fd48c
4fd964,cfg_i_SecureInfoGetByte101_4fd964
4fd9a4,cfg_i_GetSystemModel_4fd9a4
4fd9e0,cfg_i_GetConfigInfoBlk8_4fd9e0
4fda2c,cfg_i_SecureInfoGetRegion_4fda2c
4fda6c,cfg_i_SetConfigInfoBlk4_4fda6c
4fdab4,cfg_i_UpdateConfigNANDSavegame_4fdab4
4fdae8,cfg_i_SecureInfoGetSerialNo_4fdae8
4fdb30,cfg_i_GenHashConsoleUnique_4fdb30
4fdb74,cfg_i_GetModelNintendo2DS_4fdb74
4fdbb0,cfg_i_GetRegionCanadaUSA_4fdbb0
4fdc20,cfg_i_GetLocalFriendCodeSeed_4fdc20
4fdcc8,cfg_i_UpdateConfigBlk00040003_4fdcc8
4fdcfc,cfg_i_GetLocalFriendCodeSeedData_4fdcfc
4fdd44,cfg_i_GetConfigInfoBlk2_4fdd44
4fdd90,cfg_i_SecureInfoGetRegion_4fdd90
4fde00,cfg_i_SecureInfoGetByte101_4fde00
4fde40,cfg_i_GetSystemModel_4fde40
4fde7c,cfg_i_GetConfigInfoBlk8_4fde7c
4fdec8,cfg_i_SecureInfoGetByte101_4fdec8
4fdf08,cfg_i_SecureInfoGetRegion_4fdf08
4fdf48,cfg_i_SetConfigInfoBlk4_4fdf48
4fdf90,cfg_i_GetConfigInfoBlk8_4fdf90
4fdfdc,cfg_i_SecureInfoGetRegion_4fdfdc
4fe01c,cfg_i_SetConfigInfoBlk4_4fe01c
4fe064,cfg_i_UpdateConfigNANDSavegame_4fe064
4fe098,cfg_i_SecureInfoGetSerialNo_4fe098
4fe0e0,cfg_i_GenHashConsoleUnique_4fe0e0
4fe124,cfg_i_UpdateConfigNANDSavegame_4fe124
4fe158,cfg_i_SecureInfoGetSerialNo_4fe158
4fe1a0,cfg_i_GetModelNintendo2DS_4fe1a0
4fe1dc,cfg_i_GetRegionCanadaUSA_4fe1dc
4fe218,cfg_i_CreateConfigInfoBlk
4fe26c,cfg_i_FormatConfig
4fe2a0,cfg_i_SetSecureInfo
4fe2f8,cfg_i_DeleteConfigNANDSavefile
4fe394,cfg_i_DeleteCreateNANDSecureInfo
4fe3fc,cfg_i_SecureInfoGetData
4fe444,cfg_i_VerifySigSecureInfo
4fe4c0,cfg_i_GetLocalFriendCodeSeed_4fe4c0
4fe534,cfg_i_GetLocalFriendCodeSeed_4fe534
4fe570,cfg_i_SecureInfoGetSignature
4fe620,cfg_i_DeleteCreateNANDLocalFriendCodeSeed
4fe6d0,cfg_i_SetGetLocalFriendCodeSeedData
4fe724,cfg_i_ResetAnalogStickCalibrationParam
4fe758,cfg_i_VerifySigLocalFriendCodeSeed
4fe78c,cfg_i_UpdateConfigBlk00040003_4fe78c
4fe7c0,cfg_i_SetLocalFriendCodeSeedSignature
4fe808,cfg_i_GetLocalFriendCodeSeedData_4fe808
4fe850,cfg_i_GetLocalFriendCodeSeedData_4fe850
4fe898,cfg_i_GetConfigInfoBlk2_4fe898
4fe8e4,cfg_i_SecureInfoGetRegion_4fe8e4
4fe920,cfg_i_GetSystemModel_4fe920
4fe95c,cfg_i_GenHashConsoleUnique_4fe95c
4fe9a4,cfg_i_GetModelNintendo2DS_4fe9a4
4fe9e0,cfg_i_GetRegionCanadaUSA_4fe9e0
4fea1c,cfg_i_SecureInfoGetRegion_4fea1c
4fea5c,cfg_i_SecureInfoGetRegion
500738,dsp__DSP_GetSemaphore
500888,dsp__DSP_Multi3_500888
5009e4,dsp__DSP_SendDataIsEmpty
500a4c,dsp__DSP_Multi3_500a4c
500b90,dsp__DSP_Multi2_500b90
500c54,dsp__DSP_Multi2_500c54
500ce4,dsp__DSP_UnloadComponent_500ce4
500d14,dsp__DSP_Multi2_500d14
500e28,dsp__DSP_RegisterInterruptEvents
500f68,dsp__DSP_ConvertProcessAddressFromDspDram
500fa8,dsp__DSP_UnloadComponent_500fa8
501018,dsp_DSP_GetSemaphore
501084,dsp_DSP_MaskSemaphore
5010bc,dsp_DSP_ClearSemaphore
5011c0,dsp_DSP_SendDataIsEmpty
501204,dsp_DSP_GetIsDspOccupied
501238,dsp_DSP_SetIirFilterI2S1
501278,dsp_DSP_SetIirFilterI2S2
501374,dsp_DSP_GetHeadphoneStatus
5013e4,dsp_DSP_ReadPipeIfPossible
50144c,dsp_DSP_InvalidateDCache
501488,dsp_DSP_CheckSemaphoreRequest
5014f0,dsp_DSP_RegisterInterruptEvents
50152c,dsp_DSP_ConvertProcessAddressFromDspDram
5015ac,dsp_DSP_SendData
501638,dsp__DSP_SendData
501798,dsp__DSP_cmd2
502da0,hid_USER_GetSoundVolume
502e90,hid_USER_StartAnalogStickCalibration
502ec0,hid_USER_GetAnalogStickCalibrateParam
503610,mic_u_cmd10_503610
5036bc,mic_u_Multi2_5036bc
503724,mic_u_Multi2_503724
5037dc,mic_u_Multi2_5037dc
503968,mic_u_SetIirFilterMic
503a20,mic_u_Multi3_503a20
503a9c,mic_u_cmd10_503a9c
503b40,mic_u_UnmapSharedMem
503b70,mic_u_GetPower
503bb0,mic_u_IsSampling
503bec,mic_u_SetPower
503c30,mic_u_StopSampling
503c60,mic_u_StartSampling
503cb4,mic_u_AdjustSampling
503cf0,mic_u_MapSharedMem
503d34,mic_u_SetIirFilterMic
503d7c,mic_u_SetAllowShellClosed
503db8,mic_u_GetEventHandle
503e2c,mic_u_GetGain
503e68,mic_u_SetGain
503ea8,mic_u_GetClamp
503ee4,mic_u_SetClamp
503f20,mic_u_Multi3_503f20
503fa0,mic_u_MapSharedMem
50404c,ndm_u_QueryStatus
504098,ndm_u_UnlockState
50410c,ndm_u_GetTargetState
504148,ndm_u_GetCurrentState
504184,ndm_u_GetScanInterval
5041c0,ndm_u_ResumeScheduler
5041f0,ndm_u_SetScanInterval
504228,ndm_u_GetRetryInterval
504264,ndm_u_SetRetryInterval
50429c,ndm_u_SuspendScheduler
5042d8,ndm_u_GetDefaultDaemons
504314,ndm_u_QueryExclusiveMode
504350,ndm_u_EnterExclusiveState
504394,ndm_u_LeaveExclusiveState
5043d4,ndm_u_ResetDefaultDaemons
504440,ndm_u_GetDaemonDisableCount
504498,ndm_u_ClearHalfAwakeMacFilter
5044cc,ndm_u_GetSchedulerDisableCount
504514,ndm_u_LockState
50c638,ptm_sysm_GetRtcAlarm
50c674,ptm_sysm_RebootAsync
50c6ac,ptm_sysm_SetRtcAlarm
50c6e4,ptm_sysm_SetUserTime
50c71c,ptm_sysm_RequestSleep
50c750,ptm_sysm_GetShellState
50c78c,ptm_sysm_SetRtcAlarmEx
50c7d0,ptm_sysm_ShutdownAsync
50c80c,ptm_sysm_CancelRtcAlarm
50c83c,ptm_sysm_FormatSavedata
50c870,ptm_sysm_GetAwakeReason
50c918,ptm_sysm_GetShellStatus
50c958,ptm_sysm_GetStepHistory
50c9a4,ptm_sysm_SetStepHistory
50c9f0,ptm_sysm_GetAdapterState
50ca2c,ptm_sysm_GetBatteryLevel
50ca68,ptm_sysm_NotifyPlayEvent
50cab4,ptm_sysm_ReplySleepQuery
50caf8,ptm_sysm_ClearPlayHistory
50cb2c,ptm_sysm_ClearStepHistory
50cb60,ptm_sysm_GetInfoLEDStatus
50cba0,ptm_sysm_GetSoftwareClosedFlag
50cbe0,ptm_sysm_SetWakeupTrigger
50cc24,ptm_sysm_GetPedometerState
50cc60,ptm_sysm_GetStepHistoryAll
50ccb0,ptm_sysm_GetTotalStepCount
50cd30,ptm_sysm_ClearSoftwareClosedFlag
50cd60,ptm_sysm_GetPlayHistoryStart
50cda0,ptm_sysm_GetStepHistoryEntry
50ce6c,ptm_sysm_GetPlayHistoryLength
50ceac,ptm_sysm_InvalidateSystemTime
50cee0,ptm_sysm_GetBatteryChargeState
50cf1c,ptm_sysm_SetInfoLEDPatternHeader
50cf54,ptm_sysm_IsShutdownByBatteryEmpty
50cf94,ptm_sysm_GetPedometerRecordingMode
50cfd0,ptm_sysm_SetBatteryEmptyLEDPattern
50d008,ptm_sysm_SetPedometerRecordingMode
50d040,ptm_sysm_GetLegacyJumpProhibitedFlag
50d080,ptm_sysm_SetPlayHistoryRecordingMode
50d0bc,ptm_sysm_NotifySleepPreparationComplete
50d0fc,ptm_sysm_Awake
50d1a8,ptm_s_GetRtcAlarm
50d1e4,ptm_s_RebootAsync
50d21c,ptm_s_SetRtcAlarm
50d254,ptm_s_RequestSleep
50d288,ptm_s_GetShellState
50d2c4,ptm_s_SetRtcAlarmEx
50d308,ptm_s_ShutdownAsync
50d344,ptm_s_CancelRtcAlarm
50d374,ptm_s_GetAwakeReason
50d3c4,ptm_s_GetStepHistory
50d410,ptm_s_GetAdapterState
50d44c,ptm_s_GetBatteryLevel
50d488,ptm_s_ReplySleepQuery
50d4cc,ptm_s_SetWakeupTrigger
50d510,ptm_s_GetPedometerState
50d54c,ptm_s_GetStepHistoryAll
50d59c,ptm_s_GetTotalStepCount
50d5d8,ptm_s_GetStepHistoryEntry
50d660,ptm_s_GetBatteryChargeState
50d69c,ptm_s_GetPedometerRecordingMode
50d6d8,ptm_s_SetPedometerRecordingMode
50d710,ptm_s_NotifySleepPreparationComplete
50d750,ptm_s_Awake
50d784,ptm_gets_GetRtcAlarm
50d7c0,ptm_gets_SetRtcAlarm
50d7f8,ptm_gets_GetShellState
50d874,ptm_gets_CancelRtcAlarm
50d8a4,ptm_gets_GetStepHistory
50d8f0,ptm_gets_GetAdapterState
50d92c,ptm_gets_GetBatteryLevel
50d968,ptm_gets_GetPedometerState
50d9a4,ptm_gets_GetStepHistoryAll
50d9f4,ptm_gets_GetTotalStepCount
50da30,ptm_gets_GetStepHistoryEntry
50dab8,ptm_gets_GetBatteryChargeState
50daf4,ptm_gets_GetPedometerRecordingMode
50db30,ptm_gets_SetPedometerRecordingMode
50db68,ptm_play_GetRtcAlarm
50dba4,ptm_play_SetRtcAlarm
50dbdc,ptm_play_GetShellState
50dc18,ptm_play_CancelRtcAlarm
50dca0,ptm_play_GetStepHistory
50dcec,ptm_play_GetAdapterState
50dd28,ptm_play_GetBatteryLevel
50dd64,ptm_play_GetPedometerState
50dda0,ptm_play_GetStepHistoryAll
50ddf0,ptm_play_GetTotalStepCount
50de2c,ptm_play_GetPlayHistoryStart
50de6c,ptm_play_GetStepHistoryEntry
50df38,ptm_play_GetPlayHistoryLength
50df78,ptm_play_GetBatteryChargeState
50dfb4,ptm_play_GetPedometerRecordingMode
50dff0,ptm_play_SetPedometerRecordingMode
50e2e4,ptm_u_GetRtcAlarm
50e320,ptm_u_SetRtcAlarm
50e358,ptm_u_GetShellState
50e394,ptm_u_CancelRtcAlarm
50e3c4,ptm_u_GetStepHistory
50e410,ptm_u_GetAdapterState
50e44c,ptm_u_GetBatteryLevel
50e488,ptm_u_GetPedometerState
50e4c4,ptm_u_GetStepHistoryAll
50e514,ptm_u_GetTotalStepCount
50e550,ptm_u_GetStepHistoryEntry
50e5d8,ptm_u_GetBatteryChargeState
50e614,ptm_u_GetPedometerRecordingMode
50e650,ptm_u_SetPedometerRecordingMode
512b1c,cfg_i_GetConfigInfoBlk2_512b1c
51782c,srv_pm_cmd403
5179a4,srv_pm_cmd404
517af8,srv_pm_cmdb_517af8
517d9c,srv_pm_Unsubscribe_517d9c
517e70,srv_pm_RegisterClient_517e70
51812c,srv_pm_EnableNotification_51812c
5181c0,srv_pm_PublishToSubscriber_5181c0
5181f8,srv_pm_ReceiveNotification_5181f8
51828c,srv_pm_Subscribe_51828c
5182c4,srv_pm_Unsubscribe_5182c4
518514,srv_pm_PublishToSubscriber_518514
5185a4,srv_pm_Subscribe_5185a4
518678,nwm__UDS_GetChannel
5186f0,ndm_u_Multi2_5186f0
5187b4,ndm_u_Multi2_5187b4
518878,nwm__UDS_EjectClient
518900,nwm__UDS_PullPacket
518b40,nwm__UDS_Multi2_518b40
518d14,nwm__UDS_UpdateNetworkAttribute_518d14
518d8c,nwm__UDS_ConnectNetwork2
518f64,nwm__UDS_DestroyNetwork
518fd4,nwm__UDS_EjectSpectator
519044,nwm__UDS_UpdateNetworkAttribute_519044
5191a8,nwm__UDS_ScanOnConnection_5191a8
5194,fs_USER_SetPriority_5194
519414,nwm__UDS_UpdateNetworkAttribute_519414
519498,nwm__UDS_DisconnectNetwork
5195c4,nwm__UDS_GetNodeInformation_5195c4
519940,nwm__UDS_GetConnectionStatus
519b80,nwm__UDS_SetApplicationData
519be8,nwm__UDS_GetApplicationData
519d58,nwm__UDS_GetNodeInformationList2
51a1dc,nwm__UDS_SendTo
51a2a8,nwm__UDS_Finalize
51a3a8,nwm__UDS_InitializeWithVersion
51a5e4,nwm__UDS_Unbind
51a71c,nwm__UDS_cmd23_51a71c
51a858,nwm__UDS_cmd23_51a858
51a8e4,nwm__UDS_cmd23_51a8e4
51aa50,nwm__UDS_cmd19
51aab0,nwm__UDS_cmd1c
51ab18,nwm__UDS_cmd18
51ac08,nwm__UDS_GetNodeInformation_51ac08
51adf4,nwm__UDS_ScanOnConnection_51adf4
51af30,nwm__UDS_cmd23_51af30
51af78,nwm_UDS_GetChannel
51afac,nwm_UDS_PullPacket
51b018,nwm_UDS_EjectClient
51b088,nwm_UDS_CreateNetwork2
51b0dc,nwm_UDS_DestroyNetwork
51b104,nwm_UDS_EjectSpectator
51b12c,nwm_UDS_ConnectNetwork2
51b1f0,nwm_UDS_ScanOnConnection
51b268,nwm_UDS_DisconnectNetwork
51b2c8,nwm_UDS_GetApplicationData
51b328,nwm_UDS_GetNodeInformation
51b378,nwm_UDS_SetApplicationData
51b3bc,nwm_UDS_GetConnectionStatus
51b454,nwm_UDS_InitializeWithVersion
51b4c8,nwm_UDS_SetProbeResponseParam
51b510,nwm_UDS_UpdateNetworkAttribute
51b550,nwm_UDS_GetNodeInformationList2
51b644,nwm_UDS_Flush
51b67c,nwm_UDS_SendTo
51b6f0,nwm_UDS_Unbind
51b738,nwm_UDS_Finalize
51b7f8,nwm__UDS_Flush
51b8b4,ndm_u_LeaveExclusiveState_51b8b4
51b8cc,y2r_u_cmd5
51b8f0,y2r_u_cmd11
51b92c,y2r_u_cmd12
51b968,y2r_u_cmd10
51b99c,y2r_u_cmd2c
51b9d8,y2r_u_cmd18
51ba14,y2r_u_cmd1c
51ba30,y2r_u_cmd13
51ba6c,y2r_u_cmd2b
51bb14,y2r_u_cmd1
51bb30,y2r_u_cmd27
51bb4c,y2r_u_cmd3
51bb68,y2r_u_cmd26
51bb90,y2r_u_cmd28
51bbac,y2r_u_cmd7
51bbc8,y2r_u_cmd1a
51bc2c,y2r_u_cmdf
51bca4,y2r_u_cmd20
51bcc0,y2r_u_GetRotation
51bcfc,y2r_u_PingProcess
51bd38,y2r_u_SetRotation
51bd74,y2r_u_SetSendingU
51bdd0,y2r_u_SetSendingV
51be2c,y2r_u_SetSendingY
51be88,y2r_u_SetReceiving
51bee4,y2r_u_GetInputLines
51bf20,y2r_u_SetInputLines
51bf5c,y2r_u_SetSendingYUYV
51bfb8,y2r_u_DriverFinalize
51bfe8,y2r_u_GetInputFormat
51c024,y2r_u_SetInputFormat
51c060,y2r_u_StopConversion
51c090,y2r_u_GetOutputFormat
51c0cc,y2r_u_SetOutputFormat
51c108,y2r_u_StartConversion
51c138,y2r_u_DriverInitialize
51c168,y2r_u_IsBusyConversion
51c1e0,y2r_u_GetInputLineWidth
51c21c,y2r_u_SetBlockAlignment
51c258,y2r_u_SetInputLineWidth
51c294,y2r_u_IsFinishedSendingU
51c2d0,y2r_u_IsFinishedSendingV
51c30c,y2r_u_IsFinishedSendingY
51c348,y2r_u_GetPackageParameter
51c390,y2r_u_GetSpacialDithering
51c3cc,y2r_u_GetTransferEndEvent
51c408,y2r_u_IsFinishedReceiving
51c444,y2r_u_SetPackageParameter
51c48c,y2r_u_SetSpacialDithering
51c4c8,y2r_u_GetCoefficient
51c51c,y2r_u_GetTemporalDithering
51c558,y2r_u_IsFinishedSendingYuv
51c594,y2r_u_SetCoefficient
51c5e8,y2r_u_SetTemporalDithering
51c624,y2r_u_SetStandardCoefficient
51c660,y2r_u_GetTransferEndInterrupt
51c69c,y2r_u_SetTransferEndInterrupt
51c760,y2r_u_GetStandardCoefficient
51c7c4,y2r_u_GetAlpha
51c800,y2r_u_SetAlpha
51c83c,y2r_u_cmd22
51c858,boss_CancelTaskPrivileged
51ccbc,boss_GetAppIdList
51cd14,boss_GetErrorCode
51cd88,boss_GetTaskQueryPrivileged
51d08c,boss_RegisterTask
51d274,boss_GetOptoutFlag
51d2e0,boss_GetSprelayUrl
51d320,boss_GetStepIdList
51d3e8,boss_GetStepIdListPrivileged
51d49c,boss_GetTaskIdList
51d588,boss_SetOptoutFlag
51d5e0,boss_GetStorageInfo
51d6e4,boss_UnregisterTask
51d788,boss_UnregisterTaskPrivileged
51d810,boss_SetStorageInfo
51d8a0,boss_GetPolicyListUrl
51d8e0,boss_SetPolicyListUrl
51d924,boss_GetNewArrivalFlag
51da84,boss_GetPolicyListEnvId
51dac4,boss_SetPolicyListEnvId
51db08,boss_StartTaskImmediatePrivileged
51dba0,boss_GetTaskFinishHandle_51dba0
51dd6c,boss_Multi2_51dd6c
51de10,boss_GetTaskPriorityPrivileged
51dec8,boss_GetNsDataIdList2
51dfd0,boss_GetTestModeAvailability
51e008,boss_cmd41e
51e040,boss_cmd429
51e0a4,boss_cmd6
51e250,boss_GetTaskFinishHandle_51e250
51e3c4,boss_UpdateTaskCount
51e45c,boss_GetTaskStatus
51e54c,boss_StartTaskImmediate
51e5ec,boss_StartTask
51e678,boss_CancelTask
51e704,boss_GetTaskCount
51e794,boss_GetTaskError
51e874,boss_GetTaskResult
51e9bc,boss_Multi2_51e9bc
51ea68,boss_Multi2_51ea68
51eb00,boss_Multi2_51eb00
51eb8c,boss_Multi4_51eb8c
51ef04,boss_cmd1
51f1f8,boss_CancelTask_51f1f8
51f238,boss_ReadNsData_51f238
51f29c,boss_DeleteNsData_51f29c
51f2cc,boss_GetAppIdList
51f2f8,boss_GetErrorCode_51f2f8
51f33c,boss_GetTaskCount_51f33c
51f388,boss_GetTaskError_51f388
51f3dc,boss_RegisterTask_51f3dc
51f430,boss_SendProperty_51f430
51f47c,boss_GetOptoutFlag_51f47c
51f4b0,boss_GetSprelayUrl
51f4f0,boss_GetStepIdList_51f4f0
51f530,boss_GetTaskIdList_51f530
51f558,boss_GetTaskResult_51f558
51f5b8,boss_GetTaskStatus_51f5b8
51f618,boss_SetOptoutFlag_51f618
51f650,boss_GetStorageInfo_51f650
51f684,boss_UnregisterTask_51f684
51f6d0,boss_ReceiveProperty_51f6d0
51f728,boss_SetStorageInfo_51f728
51f768,boss_UpdateTaskCount_51f768
51f7a8,boss_GetNsDataNewFlag_51f7a8
51f7e4,boss_GetPolicyListUrl
51f824,boss_SetNsDataNewFlag_51f824
51f860,boss_SetPolicyListUrl
51f8a0,boss_GetNewArrivalFlag_51f8a0
51f8d4,boss_GetPolicyListEnvId
51f914,boss_SendPropertyHandle_51f914
51f958,boss_SetPolicyListEnvId
51f998,boss_StartTaskImmediate_51f998
51f9d8,boss_GetNsDataHeaderInfo_51f9d8
51fa2c,boss_GetTaskFinishHandle_51fa2c
51fa60,boss_StartTaskPrivileged
51faac,boss_CancelTaskPrivileged
51faf8,boss_ReadNsDataPrivileged
51fb6c,boss_DeleteNsDataPrivileged
51fba4,boss_GetNsDataIdList2_51fba4
51fc10,boss_GetTaskQueryPrivileged
51fc74,boss_GetStepIdListPrivileged
51fcf0,boss_GetTestModeAvailability
51fd24,boss_UnregisterTaskPrivileged
51fdb0,boss_GetNsDataNewFlagPrivileged
51fdf4,boss_SetNsDataNewFlagPrivileged
51fe6c,boss_StartTaskImmediatePrivileged
51feb8,boss_GetNsDataHeaderInfoPrivileged
51ff4c,boss_StartBgImmediatePrivileged
51ff98,boss_GetTaskPriorityPrivileged
51fff0,boss_StartTask_51fff0
520bd8,boss_SendPropertyHandle
520c84,boss_SendProperty_520c84
521750,boss_ReceiveProperty_521750
521890,boss_SendProperty_521890
521904,boss_ReceiveProperty_521904
521a48,boss_CancelTask_521a48
521a88,boss_ReadNsData_521a88
521aec,boss_DeleteNsData_521aec
521b1c,boss_GetErrorCode_521b1c
521b60,boss_GetTaskCount_521b60
521bac,boss_GetTaskError_521bac
521c00,boss_RegisterTask_521c00
521c54,boss_SendProperty_521c54
521ca0,boss_GetOptoutFlag_521ca0
521cd4,boss_GetStepIdList_521cd4
521d14,boss_GetTaskIdList_521d14
521d3c,boss_GetTaskResult_521d3c
521d9c,boss_GetTaskStatus_521d9c
521dfc,boss_SetOptoutFlag_521dfc
521e34,boss_GetStorageInfo_521e34
521e68,boss_UnregisterTask_521e68
521eb4,boss_ReceiveProperty_521eb4
521f0c,boss_SetStorageInfo_521f0c
521f4c,boss_UpdateTaskCount_521f4c
521f8c,boss_GetNsDataNewFlag_521f8c
521fc8,boss_SetNsDataNewFlag_521fc8
522004,boss_GetNewArrivalFlag_522004
522070,boss_SendPropertyHandle_522070
5220b4,boss_StartTaskImmediate_5220b4
5220f4,boss_GetNsDataHeaderInfo_5220f4
522148,boss_GetTaskFinishHandle_522148
52217c,boss_GetNsDataIdList2_52217c
5221e8,boss_StartTask_5221e8
522278,boss_StartTaskPrivileged
5335b8,cmdb_5335b8
533678,cmdb_533678
533700,cmd15_533700
5337fc,cmd18_5337fc
53459c,APT_U_Multi2_53459c
5349cc,APT_U_GetAppletInfo
534ad4,APT_U_LeaveHomeMenu
534c30,APT_U_Multi3_534c30
53516c,APT_U_IsRegistered
5352f0,APT_U_GetAppletManInfo
53540c,APT_U_StartApplication
535534,APT_U_CloseSystemApplet
535598,APT_U_DoApplicationJump
5356d0,APT_U_JumpToApplication
53580c,APT_U_ReceiveDeliverArg
53590c,APT_U_StartSystemApplet
535b20,APT_U_WakeupApplication
535c00,APT_U_CloseLibraryApplet_535c00
535c7c,APT_U_CloseLibraryApplet_535c7c
535d44,APT_U_StartLibraryApplet
535eb8,APT_U_LeaveResidentApplet
535f08,APT_U_StartNewestHomeMenu
536034,APT_U_StartResidentApplet
536408,APT_U_SendCaptureBufferInfo
536488,APT_U_PrepareToLeaveHomeMenu
536580,APT_U_PrepareToJumpToHomeMenu
536844,APT_U_PrepareToDoApplicationJump
5368e0,APT_U_PrepareToCloseApplication
53698c,APT_U_PrepareToStartApplication
536a40,APT_U_PrepareToJumpToApplication
536ae0,APT_U_PrepareToStartSystemApplet
536d50,APT_U_GetAttribute
536d94,APT_U_SendDspSleep
536dd8,APT_U_GetAppletInfo
536e48,APT_U_GetSharedFont
536e90,APT_U_LeaveHomeMenu
536ee4,APT_U_SendDspWakeUp
536f28,APT_U_GetCaptureInfo
536f84,APT_U_GetProgramInfo
536fe4,APT_U_JumpToHomeMenu
537038,APT_U_LoadSysMenuArg
537094,APT_U_SendDeliverArg
5370f8,APT_U_StoreSysMenuArg
537144,APT_U_GetAppletManInfo
5371b4,APT_U_StartApplication
537220,APT_U_CancelApplication
537250,APT_U_CloseSystemApplet
5372a4,APT_U_DoApplicationJump
537308,APT_U_JumpToApplication
53735c,APT_U_ReceiveDeliverArg
5373e4,APT_U_StartSystemApplet
537434,APT_U_WakeupApplication
537464,APT_U_CloseLibraryApplet
5374b8,APT_U_GetStartupArgument
537524,APT_U_HardwareResetAsync
537554,APT_U_StartLibraryApplet
5375a4,APT_U_GetPreparationState
5375e0,APT_U_LeaveResidentApplet
537634,APT_U_SetFatalErrDispMode
537664,APT_U_SetPreparationState
5376a0,APT_U_StartNewestHomeMenu
5376f4,APT_U_StartResidentApplet
537748,APT_U_GetAppletProgramInfo
53778c,APT_U_MapProgramIdForDebug
5377c8,APT_U_PreloadLibraryApplet
537800,APT_U_CountRegisteredApplet
53783c,APT_U_GetWirelessRebootInfo
537898,APT_U_PreloadResidentApplet
5378d0,APT_U_SendCaptureBufferInfo
53791c,APT_U_PrepareToLeaveHomeMenu
53794c,APT_U_GetLastSignaledAppletId
537988,APT_U_OrderToCloseApplication
5379b8,APT_U_PrepareToJumpToHomeMenu
5379e8,APT_U_OrderToCloseSystemApplet
537a18,APT_U_ReceiveCaptureBufferInfo
537a80,APT_U_PrepareToStartApplication
537b18,APT_U_PrepareToCloseSystemApplet
537b48,APT_U_PrepareToDoApplicationJump
537b94,APT_U_PrepareToJumpToApplication
537bd0,APT_U_PrepareToStartSystemApplet
537c08,APT_U_SetApplicationCpuTimeLimit
537c40,APT_U_PrepareToCloseLibraryApplet
537c90,APT_U_PrepareToStartLibraryApplet
537d0c,APT_U_SetHomeMenuAppletIdForDebug
537d44,APT_U_PrepareToLeaveResidentApplet
537d80,APT_U_PrepareToStartNewestHomeMenu
537db0,APT_U_PrepareToStartResidentApplet
537de8,APT_U_FinishPreloadingLibraryApplet
537e20,APT_U_GetProgramIdOnApplicationJump
537e80,APT_U_Wrap
537ee4,APT_U_Wrap1
537f48,APT_U_Reboot
537fa0,APT_U_Unwrap
538004,APT_U_Unwrap1
538068,APT_U_Finalize
5380a0,APT_U_DebugFunc
53819c,APT_U_Finalize
538574,cam_u_ClearBuffer
538590,cam_u_GetMaxLines
5385b4,cam_u_SetTrimming
5385d0,cam_u_StopCapture
5385ec,cam_u_DriverFinalize
538628,cam_u_SetFrameRate
5386ac,cam_u_SetReceiving
538718,cam_u_StartCapture
538744,cam_u_DriverInitialize
5388b8,cam_u_SetAutoExposure
53893c,cam_u_GetTransferBytes
53895c,cam_u_PlayShutterSound
5389b4,cam_u_SetTransferBytes
5389d0,cam_u_SetTransferLines
5389ec,cam_u_SetAutoWhiteBalance
538a70,cam_u_GetVsyncInterruptEvent
538ab0,cam_u_SetTrimmingParamsCenter
538ad4,cam_u_GetBufferErrorInterruptEvent
538e7c,cam_u_GetSuitableY2rStandardCoefficient
5392e4,cam_u_IsTrimming
539330,cam_u_ClearBuffer
53936c,cam_u_GetMaxBytes
5393c0,cam_u_GetMaxLines
539414,cam_u_SetContrast
53945c,cam_u_SetExposure
5394a4,cam_u_SetTrimming
5394ec,cam_u_StopCapture
539528,cam_u_SetFrameRate
539570,cam_u_SetPhotoMode
5395b8,cam_u_SetReceiving
539620,cam_u_SetSharpness
539668,cam_u_StartCapture
5396a4,cam_u_SetDetailSize
53971c,cam_u_SwitchContext
539764,cam_u_DriverFinalize
539794,cam_u_IsAutoExposure
5397e0,cam_u_SetNoiseFilter
539828,cam_u_SetAutoExposure
539870,cam_u_SetOutputFormat
5398c0,cam_u_SetWhiteBalance
539908,cam_u_DriverInitialize
539938,cam_u_GetTransferBytes
539984,cam_u_PlayShutterSound
5399c0,cam_u_SetTransferBytes
539a14,cam_u_SetTransferLines
539a6c,cam_u_WriteRegisterI2c
539abc,cam_u_GetTrimmingParams
539b28,cam_u_SetLensCorrection
539b70,cam_u_SetTrimmingParams
539bd0,cam_u_IsAutoWhiteBalance
539c1c,cam_u_IsFinishedReceiving
539c68,cam_u_SetAutoWhiteBalance
539cb0,cam_u_WriteMcuVariableI2c
539d00,cam_u_GetLatestVsyncTiming
539d68,cam_u_SetAutoExposureWindow
539dc8,cam_u_GetVsyncInterruptEvent
539e14,cam_u_SynchronizeVsyncTiming
539e5c,cam_u_SetTrimmingParamsCenter
539ebc,cam_u_PlayShutterSoundWithWave
539f38,cam_u_ReadRegisterI2cExclusive
539f8c,cam_u_SetAutoWhiteBalanceWindow
539fec,cam_u_ReadMcuVariableI2cExclusive
53a040,cam_u_GetBufferErrorInterruptEvent
53a08c,cam_u_SetBrightnessSynchronization
53a0c8,cam_u_SetWhiteBalanceWithoutBaseUp
53a110,cam_u_GetImageQualityCalibrationData
53a174,cam_u_GetStereoCameraCalibrationData
53a1dc,cam_u_SetImageQualityCalibrationData
53a284,cam_u_SetStereoCameraCalibrationData
53a2ec,cam_u_GetSuitableY2rStandardCoefficient
53a328,cam_u_SetPackageParameterWithoutContext
53a380,cam_u_SetPackageParameterWithContextDetail
53a3d4,cam_u_IsBusy
53a420,cam_u_SetSize
53a470,cam_u_FlipImage
53a4c0,cam_u_SetEffect
53a510,cam_u_IsBusy
53a530,cam_u_SetSize
53a5bc,cam_u_Activate
53b2e8,frd_u_Multi2_53b2e8
53b464,frd_u_GetFriendAttributeFlags_53b464
53b59c,frd_u_HasLoggedIn_53b59c
53b600,frd_a_HasLoggedIn
53b63c,frd_a_GetFriendMii
53b6dc,frd_a_GetMyProfile
53b718,frd_a_RemoveFriend
53b760,frd_a_GetFriendInfo
53b7d4,frd_a_GetMyPassword
53b830,frd_a_GetMyPresence
53b8c4,frd_a_AllowHalfAwake
53b900,frd_a_GetMyFriendKey
53b948,frd_a_GetServerTypes
53b99c,frd_a_SendInvitation
53b9e8,frd_a_UpdateMyPresence
53ba44,frd_a_AddFriendOnline
53ba88,frd_a_GetMyPreference
53bb20,frd_a_GetFriendComment
53bb8c,frd_a_GetFriendKeyList
53bbf4,frd_a_GetFriendProfile
53bc60,frd_a_GetMyPlayingGame
53bca8,frd_a_GetNatProperties
53bcf0,frd_a_LoadLocalAccount
53bd2c,frd_a_UpdatePreference
53be28,frd_a_GetFriendPresence
53be98,frd_a_GetMyFavoriteGame
53bf68,frd_a_UpdatePlayingGame
53bfb0,frd_a_CreateLocalAccount
53c000,frd_a_DeleteLocalAccount
53c03c,frd_a_GetMyNcPrincipalId
53c078,frd_a_IncrementMoveCount
53c0a8,frd_a_UnloadLocalAccount
53c0dc,frd_a_UpdateFavoriteGame
53c1fc,frd_a_GetMyLocalAccountId
53c238,frd_a_SetClientSdkVersion
53c278,frd_a_SetNotificationMask
53c2b0,frd_a_SetNcPrincipalId
53c3bc,frd_a_GetMyApproachContext
53c40c,frd_a_AddFriendWithApproach
53c470,frd_a_GetFriendFavoriteGame
53c4d4,frd_a_GetFriendRelationship
53c540,frd_a_GetLastResponseResult
53c570,frd_a_GetServerTimeDifference
53c5ac,frd_a_GetServiceLocatorData
53c680,frd_a_DecryptApproachContext
53c800,frd_a_GetFriendAttributeFlags
53c8f0,frd_a_GetGameAuthenticationData
53c9d0,frd_a_UnscrambleLocalFriendCode
53ca44,frd_a_UpdateGameModeDescription
53cafc,frd_a_Logout
53cb70,frd_a_IsOnline
53cc3c,frd_u_GetFriendMii_53cc3c
53cce0,frd_u_GetFriendMii_53cce0
53cf38,frd_a_RemoveFriend
53d030,frd_u_GetFriendInfo_53d030
53d0e0,frd_u_GetFriendInfo_53d0e0
53d2cc,frd_u_GetMyPresence_53d2cc
53d438,frd_u_GetMyFriendKey_53d438
53d53c,frd_u_SendInvitation_53d53c
53d5b8,frd_u_SendInvitation_53d5b8
53d6cc,frd_u_UpdateMyPresence_53d6cc
53d78c,frd_u_GetMyPreference_53d78c
53d80c,frd_u_GetMyPreference_53d80c
53d910,frd_u_SetClientSdkVersion
53da50,frd_u_GetFriendComment_53da50
53daf8,frd_u_GetFriendComment_53daf8
53dd0c,frd_u_GetFriendProfile_53dd0c
53dda4,frd_u_GetFriendProfile_53dda4
53df68,frd_u_GetMyFriendKey_53df68
53e054,frd_a_LoadLocalAccount
53e0ac,frd_u_UpdateMyPresence_53e0ac
53e154,frd_a_UpdatePreference
53e23c,frd_u_GetMyPresence_53e23c
53e540,frd_a_UpdatePlayingGame
53e598,frd_a_CreateLocalAccount
53e608,frd_a_DeleteLocalAccount
53e6f8,frd_a_IncrementMoveCount
53e784,frd_a_UnloadLocalAccount
53e7d4,frd_a_UpdateFavoriteGame
53ea50,frd_u_GetMyLocalAccountId
53eab4,frd_u_GetMyPreference_53eab4
53ec24,frd_a_SetNcPrincipalId
53ec7c,frd_u_GetEventNotification
53ed0c,frd_u_GetFriendPlayingGame_53ed0c
53edb0,frd_u_GetFriendPlayingGame_53edb0
53ef20,frd_u_GetMyApproachContext_53ef20
53eff4,frd_u_GetMyFriendKey_53eff4
53f068,frd_u_GetMyPresence_53f068
53f0ec,frd_u_AddFriendWithApproach
53f298,frd_u_DecryptApproachContext_53f298
53f34c,frd_u_GetFriendFavoriteGame_53f34c
53f3e4,frd_u_GetFriendFavoriteGame_53f3e4
53f534,frd_u_GetFriendRelationship_53f534
53f5cc,frd_u_GetFriendRelationship_53f5cc
53fa1c,frd_u_HasLoggedIn_53fa1c
53fb40,frd_u_GetMyApproachContext_53fb40
53fd10,frd_u_GetFriendAttributeFlags_53fd10
53fe10,frd_u_GetFriendAttributeFlags_53fe10
5400fc,frd_u_HasLoggedIn_5400fc
54031c,frd_u_DecryptApproachContext_54031c
540404,frd_u_DecryptApproachContext_540404
540878,frd_u_HasLoggedIn
5408b4,frd_u_GetFriendMii
540990,frd_u_GetFriendInfo
540a60,frd_u_GetMyPresence
540aec,frd_u_GetMyFriendKey
540b88,frd_u_SendInvitation
540bd4,frd_u_UpdateMyPresence
540c30,frd_u_GetMyPreference
540cc8,frd_u_GetFriendComment
540d9c,frd_u_GetFriendProfile
5410ec,frd_u_GetMyLocalAccountId
541128,frd_u_SetClientSdkVersion
5411a0,frd_u_GetEventNotification
541218,frd_u_GetFriendPlayingGame
541274,frd_u_GetMyApproachContext
5412c4,frd_u_AddFriendWithApproach
541328,frd_u_GetFriendFavoriteGame
54138c,frd_u_GetFriendRelationship
541538,frd_u_DecryptApproachContext
541634,frd_u_GetFriendAttributeFlags
541970,frd_u_IsOnline
541ad8,frd_u_IsOnline
541b3c,frd_a_AddFriendOnline
5df0,fs_USER_Initialize_5df0
5e1c,fs_USER_SetPriority
5ff8,hid_USER_GetIPCHandles
61d3a8,mic_u_Multi2_61d3a8
61d5c0,mic_u_SetPower
61f0,ndm_u_OverrideDefaultDaemons
6244,srv_pm_cmd2
6315fc,fs_USER_File_GetSize_6315fc
631644,fs_USER_File_GetPriority_631644
631664,fs_USER_cmd804
6494,APT_U_Multi2_6494
6604,APT_U_Initialize
668cf8,ndm_u_LeaveExclusiveState_668cf8
668dac,ac_Multi2_668dac
668ddc,ac_IsConnected_668ddc
6768,APT_U_Enable
831c,fs_USER_Initialize
8674,hid_USER_EnableGyroscopeLow
8874,hid_USER_DisableGyroscopeLow
88b8,hid_USER_GetIPCHandles
8964,srv_pm_cmdb_8964
8b0c,srv_pm_cmd1
8bac,srv_pm_EnableNotification_8bac
9028,APT_U_Multi2_9028
919c,APT_U_Initialize
9248,APT_U_CloseApplication
929c,APT_U_PrepareToCloseApplication
92d8,APT_U_Enable
