offset,size,thumb,tier,evidence,via,app_refs,handled_src
541c30,8,0,nw,vtable,82cb9c,,src/gen/hi_0.cpp
541c98,44,0,nw,call,557864,,
541cdc,4,0,nw,vtable,82cb9c,,src/gen/hi_0.cpp
541ee0,90,0,nw,call,5667ec,,
541f94,28,0,nw,call,541ee0,,
542018,40,0,nw,call,542454,,
542098,58,0,nw,call,542118,,
542118,38,0,nw,call,5425a0,,
542154,4c,0,nw,call,5572d4,,src/hand_misc17.cpp
5421a0,4c,0,nw,call,56689c,,src/hand_misc3.cpp
5421f4,2c,0,nw,call,56689c,,src/gen/r3_2.cpp
542230,24,0,nw,call,566a34,,src/hand_vec.cpp
542454,b8,0,nw,call,566a34,,
5425a0,14,0,nw,call,566b28,,src/gen/hi_0.cpp
5425b4,58,0,nw,call,544e9c,,
54260c,a0,0,nw,call,544e9c,,
5426ac,4c,0,nw,call,544e9c,,
542828,2f8,0,nw,call,543c38,,
542c20,10,0,nw,vtable,82c450,,src/gen/hi_0.cpp
542d2c,38,0,nw,call,544e9c,,src/gen/r3_2.cpp
542e80,4,0,nw,vtable,82c4c8,,src/gen/hi_0.cpp
542e84,50,0,nw,call,5485c8,,
542ed4,6c,0,nw,call,543ecc,,src/gen/r5_1.cpp
542f48,90,0,nw,call,54517c,,
542fd8,50,0,nw,call,54517c,,
543028,ac,0,nw,call,545220,,
5433d4,24,0,rejected,vtable,82c4f0,543410 5b2010,
543410,24,0,rejected,vtable,82c4f0,5433d4 5b2010,
54344c,128,0,nw,call,54c648,,
543580,50,0,nw,call,5485c8,,
5435d0,68,0,nw,call,548d90,,
5439a8,c,0,nw,call,54ace8,,src/gen/hi_0.cpp
543b24,50,0,nw,call,54f168,,
543c38,98,0,nw,vtable,82c578,,
543cd4,a8,0,nw,vtable,82c578,,
543d94,a8,0,nw,call,544e34,,
543e3c,90,0,nw,call,544e34,,
543ecc,58,0,nw,call,545220,,
543f24,10,0,nw,vtable,82c594,,
543f34,168,0,nw,vtable,82c594,,
54409c,190,0,nw,vtable,82c594,,
54422c,ec,0,nw,vtable,82c594,,
544318,2c0,0,nw,vtable,82c594,,
5445f4,384,0,nw,vtable,82c594,,
544978,30,0,nw,call,5489b4,,
5449b0,34,0,nw,vtable,82c594,,src/gen/br_11.cpp
5449e8,30,0,nw,vtable,82c594,,
544a1c,68,0,nw,vtable,82c5bc,,
544a84,54,0,nw,vtable,82c5bc,,
544b3c,54,0,nw,vtable,82c5bc,,
544bd8,28,0,nw,vtable,82c5bc,,src/gen/w5_2.cpp
544c04,30,0,nw,vtable,82c5bc,,
544c58,10,0,nw,call,544e9c,,
544c68,1cc,0,nw,call,544e9c,,
544e34,68,0,nw,vtable,82c5e0,,
544e9c,278,0,nw,vtable,82c5e0,,
54517c,54,0,nw,vtable,82c5e0,,
545220,3c,0,nw,vtable,82c5e0,,src/gen/w5_2.cpp
545260,3c,0,nw,vtable,82c5e0,,
5452a0,15c,0,nw,call,5445f4,,
545414,b8,0,nw,vtable,82c468,,
5455d8,4,0,nw,vtable,82c450,,src/gen/hi_0.cpp
5455dc,3a4,0,nw,vtable,82c4ac,,
5459b8,20,0,nw,vtable,82c468,,
5459d8,74,0,nw,vtable,82c468,,
545a4c,1c,0,nw,vtable,82c468,,src/gen/r3_2.cpp
545a68,64,0,nw,vtable,82c468,,
545acc,10,0,nw,call,54409c,,
545adc,c4,0,nw,vtable,82c468,,
545ba0,c8,0,nw,vtable,82c468,,
545c68,4,0,nw,vtable,82c468,,src/gen/hi_0.cpp
545c6c,14,0,nw,vtable,82c468,,src/gen/r3_2.cpp
545cf8,78,0,nw,vtable,82c4ac,,
545e7c,6c,0,nw,vtable,82c468,,src/gen/br_11.cpp
545ee8,44,0,nw,vtable,82c4ac,,
545f6c,4,0,nw,vtable,82c4ac,,src/gen/hi_0.cpp
54619c,10,0,nw,vtable,82c604,,src/gen/hi_0.cpp
5461ac,4,0,nw,vtable,82c450,,src/gen/cp_7.cpp
5461b0,d8,0,nw,vtable,82c604,,
5462a0,1e0,0,nw,call,544a84,,
546488,c0,0,nw,call,544e9c,,
546684,54,0,nw,vtable,82c67c,,
5466dc,54,0,nw,vtable,82c67c,,
547154,180,0,nw,call,569cc4,,
54773c,154,0,nw,call,569c24,,
5481c4,10,0,nw,vtable,82c690,,src/gen/hi_0.cpp
5481d4,160,0,nw,vtable,82c860,,
548334,18,0,nw,call,54e294,,src/hand_misc7.cpp
548350,20,0,nw,call,5481d4,,src/hand_misc7.cpp
548500,1c,0,nw,vtable,82c6b0,,
54852c,24,0,nw,vtable,82c6b0,,
548550,20,0,nw,vtable,82c6b0,,
548570,18,0,nw,vtable,82c690,,src/gen/w6_1.cpp
548588,18,0,nw,call,54a918,,src/gen/ia_3.cpp
5485a4,20,0,nw,call,5481d4,,
5485c8,334,0,nw,vtable,82c6b0,,
5488fc,20,0,nw,vtable,82c6b0,,
54891c,10,0,nw,vtable,82c6b0,,src/gen/r3_2.cpp
54892c,3c,0,nw,vtable,82c6b0,,
548968,4c,0,nw,vtable,82c6b0,,
5489b4,54,0,nw,vtable,82c6b0,,
548a0c,4c,0,nw,vtable,82c6b0,,
548d28,1c,0,nw,vtable,82c6b0,,
548d80,10,0,nw,vtable,82c6b0,,src/gen/hi_0.cpp
548d90,e0,0,nw,vtable,82c6b0,,
5490c0,1e4,0,nw,vtable,82c758,,
5492b4,1bc,0,nw,vtable,82c758,,
5495b4,dc,0,nw,vtable,82c758,,
549690,10,0,nw,vtable,82c6fc,,src/gen/br_11.cpp
5496a0,d8,0,nw,vtable,82c714,,
549778,18,0,nw,vtable,82c714,,src/gen/br_11.cpp
549790,110,0,nw,vtable,82c758,,
5498a0,24c,0,nw,vtable,82c758,,
549e90,d0,0,nw,vtable,82c6fc,,
549f64,c4,0,nw,vtable,82c6fc,,
54a0ac,10,0,nw,vtable,82c4f0,,src/gen/br_11.cpp
54a0bc,18,0,nw,vtable,82c508,,src/gen/br_11.cpp
54a0d4,13c,0,nw,vtable,82c54c,,
54a214,80,0,nw,vtable,82c54c,,
54a5c4,68,0,nw,vtable,82c784,,
54a630,5c,0,nw,vtable,82c784,,
54a6a0,14,0,nw,vtable,82c810,,src/gen/br_11.cpp
54a6b4,30,0,nw,vtable,82c860,,src/utf16_wrappers.cpp
54a7a0,174,0,nw,call,54ace8,,
54a918,60,0,nw,vtable,82c860,,
54aa34,18,0,nw,vtable,82c81c,,src/gen/br_11.cpp
54aad8,d8,0,nw,vtable,82c860,,
54ace8,b8,0,nw,vtable,82c860,,
54b1a0,ac,0,nw,vtable,82c804,,
54b250,a4,0,nw,vtable,82c804,,
54b2f8,4,0,nw,vtable,82c8e8,,src/gen/hi_0.cpp
54b314,10,0,nw,vtable,82c890,,src/gen/hi_0.cpp
54c214,40,0,rejected,vtable,82c914,54c290 5b2010,
54c290,3c,0,rejected,vtable,82c914,54c214 5b2010,
54c324,10,0,nw,vtable,82c998,,src/gen/hi_0.cpp
54c5d8,14,0,nw,call,5445f4,,src/gen/r3_2.cpp
54c5ec,5c,0,nw,call,54a0d4,,
54c648,1220,0,nw,vtable,82ca20,,
54d9b0,40,0,nw,call,5445f4,,
54d9f0,8,0,nw,vtable,82ca18,,src/gen/hi_0.cpp
54d9f8,10,0,nw,call,54422c,,
54da08,8,0,nw,vtable,82ca20,,src/gen/hi_0.cpp
54da10,8,0,nw,vtable,82ca20,,src/gen/hi_0.cpp
54da18,28,0,nw,call,54a0d4,,
54da40,90,0,nw,call,54a0d4,,
54dad0,24,0,nw,vtable,82ca20,,src/gen/ex_0.cpp
54daf4,24,0,nw,vtable,82ca20,,src/gen/ex_0.cpp
54db50,4c,0,nw,vtable,82ca20,,
54e294,40,0,nw,vtable,82ca0c,,src/gen/br_11.cpp
54e2d8,3c,0,nw,vtable,82ca0c,,src/gen/br_11.cpp
54e3b8,2c,0,nw,call,54a5c4,,src/gen/hi_0.cpp
54e464,138,0,nw,call,54a0d4,,
54e638,1bc,0,nw,call,54e7f8,,
54e7f8,54,0,nw,call,5485c8,,src/gen/big_2.cpp
54e84c,1c,0,nw,call,543580,,
54e868,30,0,nw,call,5492b4,,src/gen/cp_7.cpp
54e89c,48,0,nw,call,54ace8,,src/gen/big_2.cpp
54e8ec,40,0,nw,vtable,82c468,,
54e92c,48,0,nw,vtable,82c468,,
54e974,1c,0,nw,call,5496a0,,
54e990,70,0,nw,vtable,82c468,,
54ea00,60,0,nw,call,54d9f0,,
54ec04,14,0,nw,call,54c648,,src/gen/r3_2.cpp
54ec20,14,0,nw,call,54c648,,src/gen/r3_2.cpp
54ec54,14,0,nw,call,54c648,,
54ecd0,4c,0,nw,call,54c648,,
54ed50,14,0,nw,call,54c648,,
54edb0,10,0,nw,call,54c648,,src/gen/br_11.cpp
54f168,224,0,nw,call,5492b4,,
54f598,40,0,nw,vtable,82ca40,,
54f5d8,24,0,nw,vtable,82ca40,,
54f5fc,34,0,nw,vtable,82ca40,,
54f630,44,0,nw,vtable,82ca40,,
54f674,60,0,nw,call,5504e0,,
54f7dc,84,0,nw,vtable,82ca40,,
54f870,80,0,nw,vtable,82ca40,,
54f900,8,0,nw,call,54f944,,src/gen/cp_7.cpp
54f908,3c,0,nw,call,5560b4,,
54f944,2c,0,nw,call,552434,,
54f970,2c,0,nw,call,5504e0,,
54f9d8,28,0,nw,call,55590c,,src/gen/w6_1.cpp
54fa00,e0,0,nw,call,54fae0,,
54fae0,c0,0,nw,call,552434,,
54fba0,68,0,nw,call,552434,,
54fc54,44,0,nw,call,5560b4,,
54fc98,48,0,nw,call,552434,,
550314,160,0,nw,vtable,82ca60,,
5504e0,94,0,nw,call,550664,,
550664,2c,0,nw,vtable,82ca60,,src/gen/br_11.cpp
550694,2c,0,nw,vtable,82ca60,,
5506c4,28,0,nw,call,550314,,
550714,54,0,nw,fnptr,552434,,
550804,114,0,nw,call,55b52c,,
55093c,18,0,nw,call,559ac0,,src/gen/hi_0.cpp
550988,c,0,nw,vtable,82ca98,,src/gen/hi_0.cpp
550998,c,0,nw,vtable,82ca98,,src/gen/hi_0.cpp
5509a8,70,0,nw,vtable,82cac0,,
550a20,1ec,0,nw,vtable,82cac0,,
550c10,64,0,nw,vtable,82cac0,,
550cac,4,0,nw,vtable,82cab8,,src/gen/hi_0.cpp
550d80,3c,0,nw,vtable,82cad4,,
550dbc,38,0,nw,vtable,82cad4,,
550efc,10,0,nw,vtable,82cad4,,src/gen/r3_2.cpp
550f10,10,0,nw,vtable,82cad4,,src/gen/r3_2.cpp
55132c,148,0,nw,vtable,82cb34,,
551474,24,0,nw,vtable,82cb34,,src/gen/br_11.cpp
551538,24,0,nw,vtable,82cb2c,,
55155c,200,0,nw,call,55194c,,
551784,c0,0,nw,call,55155c,,
551848,40,0,nw,call,550a20,,
55188c,b8,0,nw,call,550a20,,
55194c,64,0,nw,call,550a20,,
551a0c,108,0,nw,call,550a20,,
551b24,10,0,nw,vtable,82cca4,,src/gen/w6_1.cpp
551be8,54,0,nw,vtable,82cbd8,,
551c40,38,0,nw,vtable,82cb8c,,
551c78,30,0,nw,vtable,82cb9c,,src/gen/br_11.cpp
551ca8,14,0,nw,vtable,82cb9c,,src/gen/hi_0.cpp
551d0c,18,0,nw,vtable,82cbc8,,src/gen/hi_0.cpp
551d28,c,0,nw,vtable,82cbc8,,src/gen/hi_0.cpp
55216c,30,0,nw,vtable,82cbfc,,
55219c,288,0,nw,call,552434,,
552434,a58,0,nw,call,55216c,,
552e94,49c,0,nw,call,552434,,
55333c,80,0,nw,vtable,82cbf0,,
5533bc,5c8,0,nw,call,552434,,
5542b8,c,0,nw,vtable,82cbfc,,src/gen/hi_0.cpp
5542c8,c,0,nw,vtable,82cbfc,,src/gen/hi_0.cpp
5542d8,8,0,nw,vtable,82cd54,,src/gen/cp_7.cpp
5543a4,40,0,nw,call,55155c,,
5543e8,4,0,nw,vtable,82cc14,,src/gen/hi_1.cpp
5543ec,a8,0,nw,vtable,82cc14,,
554494,100,0,nw,vtable,82cc14,,
5545d4,4c,0,nw,vtable,82cc14,,
5547f0,6c,0,nw,vtable,82cc14,,
554860,6c,0,nw,vtable,82cc14,,
5548d0,10c,0,nw,vtable,82cc34,,
5549e8,270,0,nw,vtable,82cc34,,
554c58,1a0,0,nw,call,5548d0,,
554eec,54,0,nw,vtable,82cc34,,
555230,74,0,nw,vtable,82cc34,,
5552a8,74,0,nw,vtable,82cc34,,
555320,174,0,nw,vtable,82cc60,,
55549c,5c,0,nw,call,55219c,,
5554f8,c,0,nw,call,552434,,src/gen/hi_1.cpp
555504,1fc,0,nw,vtable,82cc60,,
555710,4c,0,nw,call,552434,,
55575c,5c,0,nw,call,552434,,
5557b8,2c,0,nw,vtable,82cc60,,src/gen/br_11.cpp
5557e4,c,0,nw,call,54fc54,,src/gen/hi_1.cpp
5557f0,c,0,nw,call,55b9b8,,src/gen/hi_1.cpp
5557fc,18,0,nw,call,55219c,,src/gen/cp_7.cpp
555818,40,0,nw,call,5560b4,,
555858,30,0,nw,call,552434,,
555888,28,0,nw,call,552434,,src/gen/r5_1.cpp
5558b0,4,0,nw,vtable,82cc60,,src/gen/hi_1.cpp
5558b4,8,0,nw,call,54f970,,src/gen/hi_1.cpp
5558bc,10,0,nw,call,54f944,,src/gen/br_11.cpp
5558cc,24,0,nw,call,5560b4,,src/gen/w6_1.cpp
5558f0,c,0,nw,call,55b9b8,,src/gen/hi_1.cpp
5558fc,10,0,nw,call,54f970,,src/gen/br_11.cpp
55590c,110,0,nw,call,567244,,
5560b4,190,0,nw,vtable,82cc60,,
556244,4,0,nw,vtable,82cc60,,src/gen/hi_1.cpp
556364,3c,0,nw,call,556610,,
5563ac,64,0,nw,call,560660,,
556438,18,0,nw,call,565d14,,src/gen/cp_7.cpp
556564,20,0,nw,call,5620fc,,src/gen/r3_2.cpp
556584,64,0,nw,call,5620fc,,
5565fc,10,0,nw,call,5620fc,,src/gen/r3_2.cpp
556610,1c,0,nw,call,566480,,
556870,c,0,nw,call,54fc54,,src/gen/hi_1.cpp
55687c,2c,0,nw,vtable,82cc98,,
5568a8,58,0,nw,call,566ec0,,
5569c8,64,0,nw,vtable,82cc90,,
556cb4,b8,0,nw,vtable,82cca4,,
556d78,c4,0,nw,vtable,82cca4,,
556e40,b4,0,nw,vtable,82cca4,,
556ef8,a4,0,nw,vtable,82cca4,,
556fa0,8,0,nw,vtable,82cca4,,src/gen/hi_1.cpp
556fa8,18,0,nw,vtable,82cca4,,src/gen/br_11.cpp
556fc0,d0,0,nw,call,552e94,,
557094,60,0,nw,call,552e94,,
5570f4,74,0,nw,vtable,82cca4,,
5571f4,30,0,nw,vtable,82cca4,,src/gen/hi_1.cpp
557228,2c,0,nw,vtable,82cca4,,src/gen/hi_1.cpp
5572b0,24,0,nw,call,56715c,,src/gen/hi_1.cpp
5572d4,98,0,nw,call,5572b0,,
557434,9c,0,nw,call,56715c,,
557590,90,0,nw,call,563f10,,
557864,cc,0,nw,vtable,82cd04,,
557930,64,0,nw,vtable,82cd14,,
557994,50,0,nw,vtable,82cd14,,
557d08,90,0,nw,vtable,82cce4,,
557d9c,8c,0,nw,vtable,82cce4,,
557e3c,28,0,nw,call,557e6c,,
557e6c,14,0,nw,fnptr,561138,,src/gen/hi_1.cpp
558650,64,0,nw,vtable,82cd54,,
5586b4,250,0,nw,vtable,82cd48,,
558c24,8c,0,nw,vtable,82cd54,,
558cb0,8,0,nw,vtable,82cd54,,src/gen/hi_1.cpp
558cb8,10,0,nw,vtable,82cd54,,src/gen/br_11.cpp
558df0,148,0,nw,call,559040,,
558f38,108,0,nw,vtable,82cd54,,
559040,58,0,nw,vtable,82cd54,,
559158,2c,0,nw,vtable,82cd54,,src/gen/r3_2.cpp
559188,28,0,nw,vtable,82cd54,,src/gen/r3_2.cpp
559208,20,0,nw,call,565354,,src/gen/hi_1.cpp
5592a0,14,0,nw,call,55ec34,,src/gen/r3_2.cpp
55935c,4,0,nw,vtable,82cd90,,src/gen/hi_1.cpp
559360,4,0,nw,vtable,82cda4,,src/gen/hi_1.cpp
559408,14c,0,nw,vtable,82cddc,,
559554,78,0,nw,vtable,82cdec,,
5595cc,10,0,nw,vtable,82cdec,,src/gen/r3_2.cpp
55961c,4,0,nw,vtable,82ce18,,src/gen/hi_1.cpp
5596c8,64,0,nw,vtable,82cb1c,,
559ac0,9c,0,nw,vtable,82ce2c,,
559b60,4,0,nw,vtable,82cb0c,,src/gen/cp_8.cpp
559b64,94,0,nw,vtable,82ce2c,,
559f8c,58,0,nw,call,55c1bc,,
55a0c8,170,0,nw,call,55a23c,,
55a23c,c0,0,nw,call,55aabc,,
55a2fc,184,0,nw,call,55a0c8,,
55a99c,120,0,nw,call,5586b4,,
55aabc,88,0,nw,call,566d1c,,
55b114,e0,0,nw,call,566d1c,,
55b404,128,0,nw,call,55a23c,,
55b52c,1fc,0,nw,call,55a0c8,,
55b7a4,14,0,nw,vtable,82ce4c,,src/gen/br_11.cpp
55b7bc,10,0,nw,vtable,82ce4c,,src/gen/r3_2.cpp
55b7d0,4,0,nw,vtable,82ce68,,src/gen/hi_1.cpp
55b7d4,4,0,nw,vtable,82ce7c,,src/gen/hi_1.cpp
55b7d8,d0,0,nw,call,552434,,
55b8a8,54,0,nw,call,552434,,
55b96c,4c,0,nw,call,55b8a8,,
55b9b8,58,0,nw,call,54f674,,
55ba30,3c,0,nw,fnptr,54f7dc,,src/gen/r3_2.cpp
55bb2c,178,0,nw,call,5673ec,,
55bca4,48,0,nw,call,5673ec,,src/gen/w5_2.cpp
55bcfc,5c,0,nw,call,55219c,,
55bd58,24,0,nw,call,5673ec,,src/gen/br_11.cpp
55bd7c,bc,0,nw,call,55bb2c,,
55be84,98,0,nw,call,55bb2c,,
55bfe4,64,0,nw,call,567568,,
55c048,48,0,nw,call,55f554,,src/gen/w5_2.cpp
55c0c4,58,0,nw,call,55bca4,,
55c11c,34,0,nw,vtable,82ce90,,
55c150,6c,0,nw,vtable,82ce90,,src/gen/cm_0.cpp
55c1bc,2c,0,nw,call,56715c,,src/gen/hi_1.cpp
55c22c,54,0,nw,vtable,82ce90,,
55c284,50,0,nw,vtable,82ce90,,
55c2d8,12c,0,nw,call,55ec34,,
55c404,c8,0,nw,call,55f6d0,,
55c520,18,0,nw,call,55ec34,,
55c538,10,0,nw,call,55c2d8,,src/gen/hi_1.cpp
55c5f0,34,0,nw,call,55a0c8,,src/gen/r3_2.cpp
55c624,50,0,nw,call,55a2fc,,
55c674,24,0,nw,call,565354,,src/gen/hi_1.cpp
55c7e8,14,0,nw,call,559ac0,,src/gen/hi_1.cpp
55c984,c,0,nw,vtable,82cecc,,src/gen/hi_1.cpp
55c994,4,0,nw,vtable,82cee0,,src/gen/cp_8.cpp
55c998,c,0,nw,vtable,82cecc,,src/gen/hi_1.cpp
55ccf8,6c,0,nw,call,5661ec,,
55cdf0,128,0,nw,call,5586b4,,
55cf18,a4,0,nw,call,566d1c,,
55d140,d0,0,nw,call,5641a0,,
55d238,20,0,nw,call,565d14,,
55d258,68,0,nw,call,565a4c,,
55d308,20,0,nw,call,565d14,,
55d328,58,0,nw,call,566158,,src/gen/r3_2.cpp
55d6fc,c,0,nw,call,565a4c,,src/gen/r3_2.cpp
55d708,44,0,nw,call,5620fc,,src/gen/r3_2.cpp
55d7d8,28,0,nw,call,565a4c,,
55d800,54,0,nw,call,565a4c,,
55d854,64,0,nw,call,565d14,,src/gen/r3_2.cpp
55d8b8,48,0,nw,call,562d30,,src/gen/r3_2.cpp
55d940,50,0,nw,fnptr,55dd88,,src/gen/r3_2.cpp
55d990,e8,0,nw,fnptr,55dd88,,
55dcc4,68,0,nw,call,5661ec,,src/gen/r3_2.cpp
55dd2c,5c,0,nw,call,5661ec,,src/gen/r3_2.cpp
55dd88,188,0,nw,call,562a68,,
55df20,20,0,nw,call,5605e8,,
55df40,20,0,nw,call,5641a0,,
55e338,48,0,nw,call,564854,,src/gen/w5_2.cpp
55e570,4,0,nw,vtable,82cf7c,,src/gen/hi_1.cpp
55ea04,14,0,nw,call,5651ec,,
55ea18,c,0,nw,call,564854,,src/gen/br_11.cpp
55eab8,9c,0,nw,call,55e338,,
55eb5c,44,0,nw,call,556cb4,,
55ec34,3f8,0,nw,call,55f554,,
55f030,27c,0,nw,call,55f554,,
55f2b0,98,0,nw,call,55eb5c,,
55f440,e8,0,nw,vtable,82cee8,,
55f554,94,0,nw,vtable,82cefc,,
55f5e8,18,0,nw,call,5570f4,,src/gen/hi_1.cpp
55f6d0,7a8,0,nw,call,55f440,,
55fe80,464,0,nw,call,55f440,,
560360,40,0,nw,call,5571f4,,
560468,12c,0,nw,call,564854,,
560598,34,0,nw,call,5653c4,,src/gen/br_11.cpp
5605e8,54,0,nw,call,5650ec,,
560660,54,0,nw,call,5653c4,,src/gen/br_11.cpp
5606b4,378,0,nw,call,564f9c,,
560ac8,7c,0,nw,call,564854,,
560b60,64,0,nw,call,564854,,src/gen/br_11.cpp
560fb8,170,0,nw,call,561138,,
561138,98,0,nw,call,562900,,
5611d8,78,0,nw,vtable,82cf08,,
561254,4,0,nw,vtable,82cfb4,,src/gen/cp_8.cpp
561258,74,0,nw,vtable,82cf08,,
561354,54,0,nw,call,5661ec,,
5613f8,88,0,nw,fnptr,5659a0,,src/gen/w7_0.cpp
561480,3c,0,nw,call,5661ec,,src/gen/br_11.cpp
5614bc,38,0,nw,call,5659a0,,
562040,68,0,nw,vtable,82cf38,,
5620fc,158,0,nw,call,56249c,,
562258,214,0,nw,call,56249c,,
562480,1c,0,nw,fnptr,5620fc,,src/gen/br_11.cpp
56249c,a4,0,nw,vtable,82cf50,,
562540,2c,0,nw,vtable,82cf38,,src/gen/hi_1.cpp
56256c,3c,0,nw,vtable,82cf38,,
5625a8,20,0,nw,vtable,82cf38,,src/gen/hi_1.cpp
562744,60,0,nw,vtable,82cf90,,
5627b8,78,0,nw,vtable,82cf38,,
562830,8,0,nw,vtable,82cf90,,src/calls_hi.cpp
5628e0,c,0,nw,vtable,82cf90,,src/gen/hi_1.cpp
5628f0,c,0,nw,vtable,82cf90,,src/gen/hi_1.cpp
562900,14,0,nw,call,5658f4,,src/gen/hi_1.cpp
56295c,40,0,nw,call,564570,,
562a68,f4,0,nw,call,5659a0,,
562bd4,60,0,nw,call,55dcc4,,
562c3c,5c,0,nw,call,562d30,,
562d30,70,0,nw,call,55d328,,src/gen/br_11.cpp
562df0,70,0,nw,call,55dd88,,
562f00,2c,0,nw,call,55dcc4,,
562f2c,b0,0,nw,vtable,82cfc8,,
563640,4,0,nw,vtable,82cfc8,,src/gen/cp_8.cpp
563f10,78,0,nw,vtable,82cfc8,,
563f88,80,0,nw,vtable,82cfc8,,
5641a0,14c,0,nw,vtable,82cfc8,,
5642ec,4,0,nw,vtable,82cfc8,,src/gen/cp_8.cpp
564570,c4,0,nw,vtable,82cfc8,,
564684,10,0,nw,vtable,82cfc8,,src/gen/hi_1.cpp
564694,8,0,nw,vtable,82cff8,,src/gen/cp_8.cpp
56469c,e0,0,nw,vtable,82cfc8,,
564784,c8,0,nw,vtable,82d014,,
564854,22c,0,nw,call,564f9c,,
564aac,4,0,nw,vtable,82d014,,src/gen/cp_8.cpp
564ab0,70,0,nw,call,565354,,
564c14,4,0,nw,vtable,82d034,,src/gen/hi_1.cpp
564f9c,8c,0,nw,vtable,82d034,,
5650ec,40,0,nw,vtable,82d014,,
5651ec,20,0,nw,vtable,82d014,,src/gen/hi_1.cpp
565354,70,0,nw,vtable,82d014,,
5653c4,240,0,nw,call,564f9c,,
5656c4,10,0,nw,vtable,82d014,,src/gen/hi_1.cpp
5656d4,8,0,nw,vtable,82d048,,src/gen/cp_8.cpp
5656dc,94,0,nw,vtable,82d014,,
565778,4c,0,nw,call,56651c,,
5657cc,10,0,nw,call,566480,,src/gen/br_11.cpp
5657dc,8,0,nw,call,56651c,,src/gen/hi_1.cpp
5658f4,38,0,nw,vtable,82d080,,src/gen/hi_1.cpp
56592c,3c,0,nw,vtable,82d080,,
565968,18,0,nw,call,560b60,,src/gen/hi_1.cpp
565980,20,0,nw,call,560ac8,,
5659a0,84,0,nw,call,5620fc,,
565a40,c,0,nw,call,5606b4,,src/gen/cp_8.cpp
565a4c,254,0,nw,call,565d14,,
565d14,a4,0,nw,call,5620fc,,
566158,50,0,nw,call,560ac8,,
5661a8,44,0,nw,call,560b60,,
5661ec,168,0,nw,vtable,82d09c,,
566354,11c,0,nw,call,5659a0,,
566480,90,0,nw,call,5614bc,,
56651c,1c,0,nw,call,561480,,src/gen/hi_1.cpp
566538,38,0,nw,call,5533bc,,
566600,24,0,nw,call,565d14,,
5666e8,34,0,nw,fnptr,566480,,
566790,34,0,nw,call,560360,,
5667c4,10,0,nw,call,561480,,src/gen/hi_1.cpp
5667d4,18,0,nw,call,5658f4,,src/gen/br_12.cpp
5667ec,24,0,nw,call,567568,,src/gen/w6_1.cpp
56689c,98,0,nw,call,5667ec,,
566934,100,0,nw,call,56689c,,
566a34,70,0,nw,call,567430,,
566b28,3c,0,nw,call,567568,,src/gen/hi_1.cpp
566ca0,40,0,nw,call,567568,,
566d1c,124,0,nw,vtable,82d0c8,,
566e78,48,0,nw,call,55219c,,
566ec0,104,0,nw,call,55219c,,
566fc8,48,0,nw,call,55219c,,
567010,8c,0,nw,vtable,82d0e4,,
56709c,4,0,nw,vtable,82d0e4,,src/gen/hi_1.cpp
5670a0,8,0,nw,vtable,82d0e4,,src/gen/hi_1.cpp
5670a8,10,0,nw,vtable,82d0e4,,src/gen/br_12.cpp
5670d4,88,0,nw,call,55219c,,
56715c,e8,0,nw,vtable,82d0e4,,
567244,c4,0,nw,vtable,82d0e4,,
567388,2c,0,nw,vtable,82d0d4,,
5673bc,28,0,nw,vtable,82d0d4,,
5673ec,44,0,nw,fnptr,567430,,
567430,60,0,nw,vtable,82d110,,
567568,a4,0,nw,vtable,82d110,,
567610,a0,0,nw,vtable,82d110,,
5679b8,5c,0,nw,call,54a7a0,,
567cec,58,0,nw,call,54a7a0,,src/gen/br_12.cpp
567d44,10,0,nw,call,5481d4,,src/gen/hi_1.cpp
567d54,34,0,nw,call,5481d4,,src/gen/br_12.cpp
567d88,2a8,0,nw,call,56812c,,
56812c,284,0,nw,call,54ace8,,
5684d4,8,0,nw,call,54ace8,,
5685fc,68,0,nw,call,54773c,,
568e7c,34,0,nw,call,547154,,
569c24,30,0,nw,vtable,82c690,,
569c54,34,0,nw,vtable,82d124,,
569c88,4,0,nw,vtable,82c690,,src/gen/cp_8.cpp
569c8c,24,0,nw,vtable,82d124,,src/gen/br_12.cpp
569cb4,10,0,nw,vtable,82d124,,src/gen/hi_1.cpp
569cc4,50,0,nw,vtable,82c690,,
569d14,68,0,nw,vtable,82d124,,
569d88,4,0,nw,vtable,82c690,,src/gen/cp_8.cpp
569d8c,24,0,nw,vtable,82d124,,src/gen/br_12.cpp
569e48,18,0,nw,vtable,82d124,,
569e64,18,0,nw,vtable,82d124,,
569e80,90,0,nw,call,56ac60,,
569f10,28,0,nw,vtable,82d17c,,
569f44,58,0,nw,call,56ac60,,
569f9c,74,0,nw,call,56ad4c,,
56a010,30,0,nw,call,56ad34,,
56a110,14,0,nw,call,5481d4,,src/gen/br_12.cpp
56a124,74,0,nw,call,567d44,,
56a198,20,0,nw,call,54ace8,,src/gen/br_12.cpp
56aa74,8,0,nw,vtable,82d148,,
56ac60,3c,0,nw,call,543028,,
56ad34,14,0,nw,call,543cd4,,src/gen/hi_1.cpp
56ad4c,2c,0,nw,vtable,82d1ec,,src/gen/br_12.cpp
56ad7c,2c,0,nw,vtable,82d1ec,,
56af44,3c,0,nw,call,569e80,,
56e4ec,8c,0,rejected,vtable,82d268,361c0,
56e578,4,0,nw,vtable,82d268,,src/gen/hi_1.cpp
56e57c,8,0,nw,vtable,82d268,,src/gen/hi_1.cpp
