offset,size,thumb,tier,evidence,callers,handled_src
ac,22,1,strong,sdk_callee,301,
ce,e,1,block,,1,
dc,34,1,block,,3,
114,8,1,strong,sdk_callee,2,
11c,12,1,block,,0,
130,32,1,block,,3,
168,44,1,block,,2,
1b0,16,1,block,,1,
1cc,28,1,block,,7,
200,36,1,block,,304,
23c,48,1,block,,11,
288,52,1,block,,1,
374,c,1,block,,0,
380,b6,1,block,,1,
43c,56,1,block,,1,
58c,8,1,block,,0,
624,1a,1,block,,3,
640,6c,1,block,,1,
6b8,c,1,block,,0,
6c8,50,1,block,,1,
72a,1e,1,strong,sdk_callee,14,
748,70,1,strong,sdk_callee,15,
7fc,1fe,1,block,,1,
9fa,88,1,block,,4,
a82,4e,1,block,,11,
ad0,36,1,block,,1,
b40,28,1,block,,14,
b68,74,1,block,,14,
bdc,18,1,block,,2,
c46,16,1,block,,0,
c84,7e,1,block,,1,
d48,1a,1,block,,1,
d8c,3a,1,block,,0,
e7a,c,1,block,,12,
e88,32,1,block,,1,
1010,4,0,block,,0,
11b8,16,1,block,,0,
11e8,22,1,block,,1,
1210,8c,1,block,,1,
12a8,16,1,block,,0,
12d8,36,1,block,,1,
1318,a8,1,block,,1,
13c0,f0,1,conflict,calls 1ff578+calls 1ff5a4,1,
15f0,6c,1,block,,1,
1668,24,1,block,,1,
168c,12,1,block,,0,
169e,144,1,conflict,calls 200ad0,1,
17e2,14a,1,block,,1,
192c,e2,1,block,,1,
1a1c,1e,1,block,,1,
1a8a,11a,1,block,,1,
1ba4,e4,1,block,,1,
1c88,cc,1,block,,1,
1d98,386,1,block,,1,
25f0,1ec,1,conflict,calls 1ff5a4+calls 1ff578+calls 1fd52c,0,
2d38,18,1,block,,1,
2db4,22,1,block,,3,
2dd8,14a,1,conflict,calls 1fcd88,1,
2f7c,8,1,block,,3,
2f84,2,1,block,,0,
2fcc,20,1,block,,0,
3494,4,1,block,,0,
3498,8c,1,conflict,calls 1fcd88,0,
352e,e,1,block,,0,
35b2,6e,1,block,,1,
365c,a,1,block,,0,
3666,1e,1,block,,1,
36ba,2e,1,block,,0,
36e8,20,1,block,,0,
3708,2e,1,block,,0,
3736,20,1,block,,0,
3758,fe,1,block,,1,
386c,c,1,block,,1,
387c,c,1,block,,1,
388c,6,1,block,,0,
3898,c,1,block,,0,
38c4,c,1,block,,0,
3aec,c,1,block,,0,
3af8,8,1,block,,0,
3b20,c,1,block,,0,
3b4c,c,1,block,,0,
3b78,c,1,block,,0,
3b84,c,1,block,,0,
3b90,c,1,block,,0,
3bfc,82,1,conflict,calls 202a48+calls 1fcd88,1,
3cb8,10,1,block,,1,
3ccc,c,1,block,,0,
3cd8,c,1,block,,0,
3ce4,14,1,block,,1,
3d28,c,1,block,,0,
3d54,c,1,block,,0,
3d80,c,1,block,,0,
3d8c,1a,1,block,,1,
3db2,11a,1,block,,0,
3ee8,c,1,block,,0,
3ef4,8,1,block,,0,
405e,c,1,block,,1,
406c,b0,1,block,,0,
4220,1e,1,block,,1,
4264,a,1,block,,0,
4280,c,1,block,,0,
429c,c,1,block,,0,
42b8,c,1,block,,0,
42c4,c,1,block,,0,
42d0,c,1,block,,0,
42dc,e,1,block,,1,
4318,c,1,block,,0,
4324,2,1,block,,0,
4338,6a,1,block,,1,
43e8,2a,1,block,,0,
4422,2a,1,block,,1,
445c,6,1,block,,0,
446e,a,1,block,,0,
4478,40,1,block,,2,
44c0,36,1,block,,202,
4500,12,1,block,,1,
4518,98,1,conflict,calls 1fe27c,12,
469c,78,1,block,,1,
47e4,44,1,block,,0,
4828,82,1,block,,0,
48be,a,1,block,,0,
48e8,172,1,block,,1,
4af8,c0,0,block,,1,
4bc4,324,0,conflict,calls 1fd52c+calls 1fd674,1,
4f10,2c,0,block,,1,
4f44,4c,0,block,,1,
4f98,20,0,block,,1,
4fb8,6c,0,block,,1,
5024,50,0,block,,1,
507c,f4,0,block,,1,
5250,20,0,block,,1,
5270,90,0,block,,1,
5308,c,0,block,,1,src/gen/lo_0.cpp
5318,50,0,block,,1,
536c,c,0,block,,10,src/gen/lo_0.cpp
545c,c,0,block,,10,src/gen/lo_0.cpp
546c,ac,0,block,,1,
5518,c,0,block,,1,src/gen/lo_0.cpp
5528,34,0,block,,1,src/gen/r3_0.cpp
5564,18,0,block,,3,
557c,c,0,block,,1,src/gen/cp_0.cpp
5588,58,0,block,,1,
55e0,284,0,block,,1,
5874,20,0,block,,1,
5894,70,0,block,,1,src/gen/br_0.cpp
5918,28,0,block,,1,src/gen/lo_0.cpp
5944,44,0,block,,1,src/gen/br_0.cpp
5990,7c,0,block,,1,
5a1c,34,0,block,,1,src/gen/big_0.cpp
5a58,b8,0,block,,1,
5b58,40,0,block,,2,
5ba0,40,0,block,,2,
5c24,38,0,block,,0,
5c5c,8c,0,block,,0,
5cec,30,0,block,,0,src/gen/r5b_0.cpp
5d1c,40,0,block,,0,src/gen/br_0.cpp
5d60,c,0,block,,0,
5e4c,c,0,strong,sdk_callee,2,src/gen/lo_0.cpp
5e5c,c,0,block,,3,src/gen/lo_0.cpp
5e6c,38,0,block,,1,
5ea8,d8,0,block,,1,
5f90,2c,0,block,,1,src/gen/lo_0.cpp
5fd0,10,0,block,,1,src/gen/lo_0.cpp
5fe4,14,0,block,,1,src/gen/cp_0.cpp
6234,10,0,block,,1,src/gen/w6_0.cpp
6308,88,0,strong,sdk_callee,9,
6448,10,0,block,,1,src/gen/r3_0.cpp
645c,10,0,block,,1,src/gen/r3_0.cpp
6470,10,0,block,,1,src/gen/r3_0.cpp
6484,c,0,block,,1,src/gen/br_0.cpp
6814,388,0,block,,1,
6b9c,23c,0,block,,1,
6ef4,a8,0,block,,1,
6f9c,88,0,block,,11,
702c,124,0,block,,1,
715c,3dc,0,block,,1,
7538,c,0,block,,1,src/gen/lo_0.cpp
7548,ac,0,block,,1,
7604,114,0,block,,1,
771c,2b0,0,block,,1,
79f8,c,0,block,,3,src/gen/br_0.cpp
7b90,4,0,block,,1,src/gen/cp_0.cpp
7b94,2c,0,block,,1,
7bc4,9c,0,block,,0,
7c6c,78,0,block,,0,
7cec,114,0,block,,1,
7e08,54,0,block,,1,src/gen/w5_0.cpp
7ed4,128,0,block,,25,
800c,4,0,block,,1,src/gen/cp_0.cpp
8010,78,0,block,,34,
808c,14,0,block,,1,
80a0,8,0,block,,3,src/gen/lo_0.cpp
80e0,1c,0,block,,0,
8100,6c,0,block,,1,
8190,34,0,block,,1,
81c4,40,0,block,,0,
823c,b4,0,block,,2,
82f4,28,0,block,,1,
8354,34,0,block,,1,
8390,4c,0,block,,1,
83dc,18c,0,block,,2,
8580,5c,0,block,,3,
85fc,30,0,strong,sdk_callee,2,
8634,28,0,block,,1,
865c,8,0,block,,1,src/gen/lo_0.cpp
8668,8,0,block,,1,src/gen/lo_0.cpp
88ac,8,0,strong,sdk_callee,3,src/gen/lo_0.cpp
8930,34,0,block,,1,
8be8,1c,0,block,,1,
8c04,10,0,strong,sdk_callee,1,src/gen/lo_0.cpp
8c18,1c,0,strong,sdk_callee,9,
8c38,c,0,strong,sdk_callee,2,src/gen/lo_0.cpp
8c48,1c,0,strong,sdk_callee,3,src/gen/br_0.cpp
8c68,c,0,strong,sdk_callee,1,src/gen/lo_0.cpp
8c78,18,0,strong,sdk_callee,9,src/gen/br_0.cpp
8c94,c,0,strong,sdk_callee,4,src/gen/br_0.cpp
8ca4,34,0,strong,sdk_callee,7,src/gen/r3_0.cpp
8d20,8c,0,strong,sdk_callee,1,src/gen/big_0.cpp
8db4,c,0,strong,sdk_callee,1,src/gen/lo_0.cpp
8e10,c,0,strong,sdk_callee,1,src/gen/lo_0.cpp
8e20,c,0,strong,sdk_callee,1,src/gen/lo_0.cpp
8e30,10,0,strong,sdk_callee,1,src/gen/lo_0.cpp
8e44,8,0,strong,sdk_callee,1,src/gen/lo_0.cpp
8e50,c,0,strong,sdk_callee,1,src/gen/lo_0.cpp
8e60,194,0,strong,sdk_callee,1,
9018,c,0,strong,sdk_callee,1,src/gen/lo_0.cpp
9310,64,0,strong,o2_check,1,
9380,14c,0,block,,0,
9508,f2,0,block,,0,
9604,98,0,block,,0,
96e8,ec,0,block,,0,
97e4,d0,0,block,,0,
98c0,f8,0,block,,0,
99d8,6bc,0,block,,0,
a130,34,0,block,,0,src/gen/br_0.cpp
a168,ac,0,block,,0,
a218,138,0,block,,0,
a354,ac,0,block,,0,
a40c,b4,0,block,,0,
a4c8,9bc,0,block,,0,
aeec,4c,0,block,,0,
b110,68,0,block,,0,
b190,10c,0,block,,0,
b2a4,5c,0,block,,0,src/gen/r3_0.cpp
b374,ae,0,block,,0,
b428,ec,0,block,,0,
b518,86,0,block,,0,
b5a0,40,0,block,,0,
b5e4,40,0,block,,0,
b628,b4,0,block,,0,
b6e0,80,0,block,,0,
bb68,ec,0,block,,0,
bd30,dc0,0,block,,0,
cb0c,140,0,block,,0,
cc84,21c,0,block,,0,
cec0,70,0,block,,0,
d074,150,0,block,,0,
d1d0,158,0,block,,0,
d328,4c,0,block,,0,
d644,7c,0,block,,0,
d6c8,30,0,block,,1,
d6f8,f8,0,block,,1,
d7f8,e0,0,block,,1,
d8e0,7c,0,block,,0,
d964,18,0,block,,1,src/gen/r3_0.cpp
d980,238,0,block,,37,
dbc8,dc,0,block,,3,src/gen/cm_0.cpp
dca8,58,0,block,,1,
dd04,fc,0,block,,1,
de04,18c,0,strong,sdk_callee,5,
df94,7c,0,block,,13,
e020,70,0,block,,10,
e0a4,a4,0,block,,3,
e14c,18,0,block,,3,src/gen/lo_0.cpp
e164,120,0,block,,1,
e288,30,0,block,,0,src/wrappers_low2.cpp
e2cc,8c,0,block,,1,
e358,28,0,block,,1,
e380,30,0,block,,2,src/wrappers_low2.cpp
e3b0,10,0,block,,1,src/gen/lo_0.cpp
e3c4,18,0,block,,1,
e3dc,e0,0,block,,0,
e4c4,1ec,0,block,,1,
e798,1d4,0,block,,2,
e970,124,0,block,,9,
ea94,10,0,block,,12,
eaa4,dc,0,block,,1,
eb80,88,0,block,,0,
ec08,58,0,block,,17,
ec64,1e8,0,block,,4,
ee4c,d4,0,block,,2,
f098,12c,0,block,,2,
f1cc,ca4,0,block,,1,
fe70,3c,0,block,,1,
ff74,e4,0,block,,32,
10058,14,0,block,,0,src/gen/w6_0.cpp
1006c,15c,0,block,,24,
1021c,50,0,conflict,calls 5c06b8,1,
1026c,c4,0,strong,sdk_callee,113,
10334,174,0,strong,o2_check,2,
104b8,a0,0,strong,o2_check,1,
10558,18,0,block,,3,src/gen/r3_0.cpp
10574,ec,0,block,,0,
10660,224,0,block,,0,
10884,28,0,strong,sdk_callee,1,
108ac,74,0,block,,3,
10930,4c,0,block,,1,
1097c,4,0,block,,1,src/gen/cp_0.cpp
10980,1b0,0,strong,sdk_callee,5,
10b30,54,0,block,,1,
10b94,e4,0,strong,sdk_callee,17,
10c84,40,0,strong,sdk_callee,1,src/gen/r3_0.cpp
10ccc,28,0,strong,sdk_callee,127,src/gen/br_0.cpp
10cfc,108,0,strong,sdk_callee,7,
10e18,64,0,block,,2,
10e7c,8c,0,block,,1,
10f10,168,0,strong,sdk_callee,1,
11078,6c4,0,strong,sdk_callee,3,
11740,8,0,strong,sdk_callee,2,src/gen/lo_0.cpp
1174c,58,0,block,,1,
117b0,220,0,strong,sdk_callee,1,
11b7c,58,0,strong,sdk_callee,25,
11be4,28,0,strong,sdk_callee,28,
11c54,54,0,strong,sdk_callee,3,
11cec,84,0,block,,3,
11d7c,228,0,block,,5,
11fb8,35c,0,block,,5,
123ec,10,0,block,,3,src/gen/cp_0.cpp
12400,10,0,strong,sdk_callee,4,src/gen/br_0.cpp
12414,1c,0,strong,sdk_callee,5,src/gen/br_0.cpp
12434,c,0,strong,sdk_callee,2,src/gen/lo_0.cpp
12444,c,0,strong,sdk_callee,10,src/gen/lo_0.cpp
12454,c,0,strong,sdk_callee,7,src/gen/br_0.cpp
12464,4ac,0,strong,o2_check,0,
1291c,c,0,strong,sdk_callee,3,src/gen/lo_0.cpp
1292c,10,0,strong,sdk_callee,1,src/gen/lo_0.cpp
12c98,10,0,strong,sdk_callee,15,src/gen/lo_0.cpp
12cac,6c,0,strong,sdk_callee,16,
12d24,34,0,strong,sdk_callee,1,
12d58,3ec,0,strong,o2_check,5,
13150,2c,0,strong,sdk_callee,2,
1317c,28,0,strong,sdk_callee,1,src/gen/r5b_0.cpp
131a4,c,0,strong,only_sdk_callers,1,src/gen/cp_0.cpp
131b4,1c,0,block,,1,src/gen/w6_0.cpp
131d0,2c,0,strong,sdk_callee,5,
13230,c,0,strong,sdk_callee,2,src/gen/lo_0.cpp
13240,c,0,strong,sdk_callee,7,src/gen/lo_0.cpp
13250,c,0,strong,sdk_callee,2,src/gen/lo_0.cpp
132e0,2ac,0,strong,sdk_callee,3,
135a4,c,0,strong,sdk_callee,9,src/gen/br_0.cpp
135b4,10,0,strong,sdk_callee,3,src/gen/lo_0.cpp
13644,1dc,0,block,,1,
13840,7c,0,block,,5,
138cc,6d0,0,block,,1,
13fa0,1b8,0,block,,3,
14174,1d0,0,block,,3,
14354,1e8,0,block,,1,
1455c,2f0,0,block,,1,
14858,1a4,0,block,,1,
14a08,90,0,conflict,calls 1fcd88,2,
14a98,84,0,block,,3,src/gen/cm_0.cpp
14b20,94,0,conflict,calls 1fcd88,3,
14bb8,10,0,block,,2,src/gen/ia_0.cpp
14bc8,38,0,block,,0,
14c04,168,0,conflict,calls 1fcd88,1,
14d6c,50,0,block,,2,src/gen/r3_0.cpp
14dbc,38,0,block,,0,
14df8,f8,0,block,,3,
14f00,2b0,0,block,,9,
151c0,8,0,block,,1,src/gen/cp_0.cpp
151c8,f8,0,block,,127,
152e0,20,0,strong,sdk_callee,195,
15304,188,0,strong,sdk_callee,5,
15490,20,0,block,,7,src/gen/lo_0.cpp
154b4,10,0,block,,11,
154c4,34,0,block,,59,src/hand_misc9.cpp
154f8,34,0,block,,66,src/core_small.cpp
1552c,38,0,conflict,calls 630cac,4,
15564,48,0,block,,64,
155b8,28,0,block,,53,
155e0,1c,0,block,,101,src/core_small.cpp
15600,14,0,block,,161,src/gen/cp_0.cpp
1561c,30,0,block,,19,
15664,10,0,block,,4,src/gen/br_0.cpp
15674,10,0,block,,4,src/gen/br_0.cpp
15684,30,0,block,,4,src/gen/r3_0.cpp
156c8,34,0,block,,1,
156fc,70,0,block,,1,
1576c,34,0,block,,1,
157a0,48,0,block,,1,
157e8,48,0,block,,1,
15830,64,0,block,,1,
15894,68,0,block,,1,
158fc,5c,0,block,,1,
15958,64,0,block,,2,
159bc,78,0,block,,13,
15a34,14c,0,block,,1,
15b80,b8,0,block,,1,
15c54,b4,0,block,,0,src/gen/cm_0.cpp
15d10,78,0,block,,1,
15d90,58,0,block,,4,
15dec,1a8,0,conflict,calls 1fcd88,1,
15f98,94,0,block,,465,
16030,8,0,block,,263,src/gen/cp_0.cpp
16038,cc,0,block,,12,
161d0,b8,0,block,,2,
16338,38,0,block,,30,
16370,88,0,block,,2,
16420,e8,0,block,,1,
16524,42c,0,block,,2,
1695c,ac,0,block,,2,
16b50,190,0,block,,2,
16d5c,18,0,block,,1951,
16d78,138,0,block,,0,
16ec0,40,0,block,,1,
16f04,2f4,0,block,,0,
17200,7d8,0,block,,1,
17a48,18,0,block,,0,src/gen/br_0.cpp
17a64,498,0,block,,1,
17efc,33c,0,block,,0,
18244,1a4,0,block,,1,
183f8,128,0,block,,0,
1852c,68,0,block,,1,src/gen/r5_0.cpp
185a0,18,0,block,,0,src/gen/br_0.cpp
185bc,3c,0,block,,1,src/wrappers_low3.cpp
185fc,14,0,block,,1,src/gen/lo_0.cpp
18614,2c,0,block,,1,
18644,158,0,block,,5,
187ac,100,0,block,,1,
188b4,84,0,block,,2,
18944,130,0,block,,1,
18a88,124,0,block,,1,
18bb4,20,0,block,,1,src/gen/br_0.cpp
18bd8,e0,0,block,,1,
18cc4,130,0,block,,1,
18dfc,1c,0,block,,14,
18fd4,54,0,block,,1,
1902c,34,0,block,,1,src/gen/br_0.cpp
19068,48,0,block,,1,src/gen/br_0.cpp
190b0,44,0,block,,2,src/gen/br_0.cpp
19100,14,0,block,,11,src/gen/br_0.cpp
19118,5c,0,block,,2,
191c0,124,0,block,,1,
192f0,98,0,block,,1,
1938c,84,0,block,,2,
19454,40,0,block,,0,
19498,40,0,block,,0,
19530,be4,0,block,,4,
1a164,c,0,block,,1,
1a170,4,0,block,,1,src/gen/cp_0.cpp
1a174,20,0,block,,68,src/core_small.cpp
1a194,118,0,block,,8,
1a2b0,8,0,block,,4,src/gen/cp_0.cpp
1a2b8,14,0,block,,12,
1a2cc,20,0,block,,1,
1a330,4c,0,block,,3,
1a3a4,48,0,block,,0,
1a43c,50,0,strong,sdk_callee,175,
1a48c,10,0,block,,40,
1a49c,38,0,block,,1,
1a4d4,40,0,strong,sdk_callee,349,
1a514,114,0,block,,4,
1a628,148,0,strong,sdk_callee,20,
1a784,158,0,strong,sdk_callee,4,
1a8e4,28,0,strong,sdk_callee,40,
1a918,70,0,block,,2,
1a990,114,0,block,,3,
1aaac,fc,0,block,,3,
1abac,284,0,block,,1,
1ae54,19c,0,block,,1,
1aff8,80,0,block,,3,
1b078,19c,0,block,,4,
1b33c,c8,0,block,,0,
1b604,20,0,block,,1,src/gen/w6_0.cpp
1b624,1c,0,strong,sdk_callee,65,src/wrappers_low2.cpp
1b640,68,0,strong,sdk_callee,3,
1b6ac,68,0,strong,sdk_callee,138,
1b71c,28,0,strong,sdk_callee,62,
1b74c,28,0,strong,sdk_callee,27,
1b774,18,0,strong,sdk_callee,2,src/gen/lo_0.cpp
1b790,40,0,strong,sdk_callee,32,
1b7d8,38,0,strong,only_sdk_callers,1,
1b810,148,0,block,,1,
1b958,10,0,block,,1,src/gen/br_0.cpp
1b968,20,0,block,,1,
1b988,bc,0,block,,1,
1ba44,10,0,block,,1,src/gen/br_0.cpp
1ba54,74,0,strong,sdk_callee,2,
1bad8,1c0,0,strong,only_sdk_callers,1,
1be78,1b0,0,strong,only_sdk_callers,1,
1c034,464,0,strong,only_sdk_callers,1,
1c49c,c4,0,strong,sdk_callee,2,
1c574,c,0,strong,only_sdk_callers,1,src/gen/lo_0.cpp
1c580,78,0,strong,only_sdk_callers,1,
1c5fc,98,0,strong,sdk_callee,3,
1c6d4,80,0,strong,sdk_callee,21,
1c764,bc,0,block,,7,
1c820,f4,0,block,,7,
1c918,4c,0,block,,1,
1c964,50,0,block,,5,
1c9b4,94,0,block,,2,
1ca4c,328,0,block,,5,
1ce8c,2c,0,block,,1,
1ceb8,14,0,block,,2,
1cfe4,14,0,block,,1,
1cffc,48,0,block,,1,
1d048,10,0,block,,1,
1d05c,5c,0,block,,0,
1d0d0,c,0,strong,sdk_callee,3,src/gen/lo_0.cpp
1d0e0,c,0,strong,sdk_callee,5,src/gen/lo_0.cpp
1d0f0,c,0,strong,sdk_callee,4,src/gen/lo_0.cpp
1d138,c,0,strong,sdk_callee,8,src/gen/lo_0.cpp
1d180,c,0,strong,sdk_callee,11,src/gen/lo_0.cpp
1d190,12c,0,strong,only_sdk_callers,1,
1d390,4c,0,strong,sdk_callee,4,src/gen/br_0.cpp
1d3e0,88,0,strong,sdk_callee,42,
1d4fc,10,0,strong,sdk_callee,1,src/gen/lo_0.cpp
1d5d0,c,0,strong,sdk_callee,3,src/gen/lo_0.cpp
1d5f0,10,0,strong,sdk_callee,2,src/gen/lo_0.cpp
1d8d0,9c,0,strong,sdk_callee,1,
1d96c,14,0,strong,sdk_callee,1,src/gen/w6_0.cpp
1da30,174,0,strong,only_sdk_callers,1,
1dba4,170,0,block,,4,
1dd20,16c,0,block,,2,
1dea8,174,0,block,,4,
1e020,a4,0,block,,4,
1e0d4,2d0,0,block,,2,
1e3ac,2c,0,block,,2,
1e3d8,10c,0,block,,2,
1e4e8,24,0,block,,4,
1e520,5c0,0,block,,2,
1eb04,284,0,block,,2,
1ed88,16c,0,block,,2,
1eef8,a0,0,block,,6,
1efa8,6e8,0,block,,2,
1f690,34,0,block,,2,
1f6c4,c0,0,block,,2,
1f79c,5d8,0,block,,2,
1fd7c,8,0,strong,sdk_callee,14,src/gen/lo_0.cpp
1fd88,8,0,strong,sdk_callee,14,src/gen/lo_0.cpp
1fd94,30,0,strong,sdk_callee,14,src/wrappers_low3.cpp
1fdcc,a8,0,block,,3,
1fe74,b8,0,block,,1,
1ff34,6c,0,block,,1,
1ffa0,378,0,block,,1,
20330,b0,0,block,,1,
203e8,7c,0,block,,4,src/gen/r3_0.cpp
20470,90,0,block,,2,
20510,24,0,block,,21,src/hand_misc8.cpp
20534,3c,0,strong,sdk_callee,3,
206d0,6c,0,block,,26,
2073c,fc,0,block,,36,
20838,7c,0,block,,19,
208bc,18,0,block,,15,
208d4,1c,0,block,,3,
208f8,10,0,block,,1,src/gen/lo_0.cpp
20908,1b8,0,block,,5,
20ac8,c,0,block,,7,src/gen/br_0.cpp
20ad4,40,0,block,,9,
20b18,78,0,block,,10,
20b90,58,0,block,,3,src/gen/ia_0.cpp
20be8,1bc,0,block,,3,
20da4,150,0,block,,1,
20ef4,2c,0,block,,8,src/gen/r3_0.cpp
20f24,1d4,0,block,,2,
21118,5c,0,block,,2,
21174,258,0,block,,2,
213e4,134,0,block,,2,
21524,48,0,block,,1,
2156c,258,0,block,,2,
21804,1a0,0,block,,2,
219cc,40,0,block,,2,
21a0c,1a0,0,block,,1,
21bd4,10,0,block,,4,src/gen/cp_0.cpp
21be4,bc,0,block,,3,
21ca0,18,0,block,,345,
21cbc,10,0,block,,1,
21ccc,14,0,strong,sdk_callee,93,
21ce0,88,0,block,,3,
21d70,c,0,block,,1,src/gen/lo_0.cpp
21d7c,dc,0,block,,1,
21e58,28,0,block,,1,src/gen/r5b_0.cpp
21e80,64,0,block,,1,
21ee8,d8,0,block,,4,
21fc8,48,0,block,,2,
22014,9c,0,block,,1,
220b4,48,0,block,,1,
22100,4,0,block,,2,src/gen/cp_0.cpp
22104,70,0,block,,1,
22178,178,0,block,,8,
22310,20,0,block,,2,
22334,c8,0,block,,0,
22400,58,0,block,,2,
22458,bc,0,block,,2,
22520,8c,0,block,,2,
225b8,dc,0,block,,4,
226a0,a0,0,block,,2,
22750,e4,0,block,,3,
22840,c8,0,block,,10,
22908,dc,0,strong,sdk_callee,9,
229e4,20,0,block,,10,
22a04,3c,0,strong,sdk_callee,10,
22a58,2b0,0,strong,sdk_callee,7,
22d48,30,0,strong,sdk_callee,89,
22d78,198,0,block,,1,
22f20,1a8,0,block,,1,
231fc,3d8,0,strong,o2_check,2,
235dc,cc,0,strong,sdk_callee,2,
236c4,dc,0,strong,sdk_callee,2,
237a8,9c,0,strong,sdk_callee,10,
238b0,38,0,block,,1,
238e8,998,0,block,,3,
242c8,50,0,block,,5,
2432c,4c,0,block,,0,
244b4,14,0,block,,2,src/gen/w6_0.cpp
244c8,38,0,strong,sdk_callee,293,
24500,68,0,strong,sdk_callee,5,
24568,20,0,strong,sdk_callee,295,src/gen/br_0.cpp
245c0,9c,0,strong,only_sdk_callers,2,
24730,58,0,strong,sdk_callee,144,
24788,c,0,strong,sdk_callee,39,src/gen/br_0.cpp
248cc,58,0,block,,3,
2498c,1dc,0,block,,1,
24b70,18,0,block,,1,src/gen/lo_0.cpp
24b88,30,0,strong,only_sdk_callers,1,
24bf8,34,0,strong,sdk_callee,1,
24c2c,178,0,strong,only_sdk_callers,1,
24da8,254,0,strong,only_sdk_callers,2,
25004,54,0,strong,only_sdk_callers,1,
250f0,94,0,block,,3,
25194,130,0,block,,2,
252cc,28,0,block,,0,src/wrappers_low2.cpp
252f4,c,0,strong,sdk_callee,4,src/gen/br_0.cpp
25398,4,0,block,,32,src/gen/cp_0.cpp
2539c,30,0,block,,0,
253cc,18,0,block,,1,
253e4,4,0,block,,38,src/gen/cp_0.cpp
253e8,38,0,block,,0,
258bc,c,0,block,,12,
258cc,c,0,block,,12,
258dc,c,0,strong,sdk_callee,7,src/gen/br_0.cpp
258ec,c,0,strong,only_sdk_callers,2,src/gen/lo_0.cpp
258fc,8,0,strong,only_sdk_callers,2,src/gen/lo_0.cpp
25908,8,0,strong,only_sdk_callers,1,src/gen/lo_0.cpp
25914,94,0,strong,sdk_callee,3,
259b4,8,0,strong,only_sdk_callers,2,src/wrappers_low2.cpp
25af0,84,0,strong,only_sdk_callers,1,
25bc0,84,0,strong,only_sdk_callers,2,
25d74,174,0,strong,sdk_callee,2,
25ee8,c0,0,block,,1,
25fa8,b4,0,block,,1,src/gen/big_0.cpp
2605c,4,0,block,,2,src/gen/cp_0.cpp
26060,104,0,block,,1,
2616c,4b4,0,block,,1,
26640,178,0,conflict,calls 1fcd88,1,
267bc,54,0,strong,sdk_callee,3,
26814,1c,0,block,,1,src/gen/ia_0.cpp
268cc,dc,0,block,,6,
269a8,38,0,block,,3,
269e4,a0,0,block,,3,
26a8c,b8,0,block,,4,
26b48,78,0,block,,3,
26bc4,2c,0,block,,6,src/gen/cm_0.cpp
26bf4,10,0,block,,5,src/gen/lo_0.cpp
26c04,14,0,block,,6,src/gen/br_0.cpp
26c18,38,0,block,,10,
26c58,13c,0,block,,3,
26d94,84,0,block,,0,
26e20,b4,0,block,,2,
26ee0,78,0,block,,1,
26f5c,210,0,block,,1,
2717c,1a8,0,block,,7,
2732c,54,0,block,,1,
27384,a4,0,block,,0,
2742c,170,0,block,,1,
275c0,110,0,block,,2,
276d0,3c,0,block,,1,
27714,44,0,block,,1,
27760,88,0,block,,5,
27874,ac,0,block,,1,
27920,c,0,block,,1,
282d0,c,0,block,,1,src/gen/cp_0.cpp
282dc,214,0,block,,1,
284f8,78,0,block,,13,
28578,14,0,block,,1,
2858c,20,0,block,,1,
285ac,20,0,block,,1,
285cc,20,0,block,,1,
285ec,2a0,0,block,,1,
28894,130,0,block,,2,
289c8,260,0,block,,12,
28c2c,64,0,strong,sdk_callee,21,
28c98,f4,0,block,,3,
28db8,1c,0,block,,1,
28dd4,d8,0,block,,2,
28f84,20,0,block,,2,src/wrappers_low2.cpp
28fa4,a0,0,strong,sdk_callee,3,
29044,18,0,block,,4,src/gen/br_0.cpp
2905c,7c,0,block,,1,
2919c,6c,0,block,,1,
29210,c8,0,block,,0,
292dc,60,0,block,,1,
29498,68,0,block,,1,
2960c,c,0,strong,sdk_callee,1,src/gen/br_0.cpp
2961c,c,0,strong,sdk_callee,9,src/gen/lo_0.cpp
2962c,8,0,strong,sdk_callee,13,src/gen/lo_0.cpp
29b80,208,0,block,,3,
29d94,140,0,block,,4,
29ed4,18,0,block,,317,
29ef0,84,0,block,,30,
29f74,14,0,block,,29,src/thunks_low.cpp
29f88,cc,0,block,,2,
2a054,1c,0,block,,71,src/gen/cp_0.cpp
2a070,c,0,block,,40,src/inner.cpp
2a07c,4,0,block,,0,src/gen/cp_0.cpp
2a080,18,0,block,,227,src/inner.cpp
2a098,98,0,block,,4,
2a138,90,0,block,,25,
2a1c8,48,0,block,,21,
2a210,8,0,block,,4,src/gen/cp_0.cpp
2a218,38,0,block,,83,src/gen/r3_0.cpp
2a250,48,0,block,,40,
2a298,34,0,block,,11,src/gen/br_0.cpp
2a2cc,14,0,block,,10,src/gen/br_0.cpp
2a2e0,c0,0,block,,27,
2a3a0,74,0,block,,15,
2a414,c4,0,block,,1,
2a4dc,18c,0,block,,1,
2a674,8c,0,block,,1,
2a724,1c,0,block,,0,src/gen/br_0.cpp
2a750,80,0,block,,4,
2a80c,138,0,block,,1,
2a948,5c,0,block,,11,
2aaa0,10,0,block,,1,src/gen/br_0.cpp
2aab0,f4,0,block,,0,src/gen/cm_0.cpp
2aba4,94,0,block,,1,
2ac3c,24,0,block,,3,
2ac64,34,0,block,,7,
2aca0,24,0,block,,107,src/gen/w6_0.cpp
2acc4,7c,0,block,,2,
2ad4c,bc,0,block,,5,
2ae08,20,0,block,,12,src/gen/lo_0.cpp
2ae28,6c,0,block,,2,src/gen/ia_0.cpp
2ae94,14,0,block,,2,src/gen/lo_0.cpp
2aea8,dc,0,block,,2,
2afac,5c,0,block,,2,src/gen/br_0.cpp
2b008,4,0,strong,only_sdk_callers,1,src/gen/cp_0.cpp
2b00c,4,0,block,,0,src/gen/lo_0.cpp
2b010,70,0,block,,1,
2b084,50,0,block,,1,
2b0dc,18,0,block,,1,
2b0f4,34,0,block,,1,
2b128,40,0,block,,1,
2b168,1c,0,block,,3,
2b184,40,0,block,,1,
2b1c4,1c,0,block,,1,
2b1e0,48,0,block,,1,
2b228,a4,0,block,,2,
2b2d8,dc,0,block,,1,
2b3c8,94,0,block,,1,
2b470,50,0,block,,1,
2b4c4,60,0,block,,1,
2b524,12c,0,block,,1,
2b660,1d4,0,block,,1,
2b848,d8,0,block,,2,
2b92c,50,0,block,,1,
2b97c,34,0,block,,1,
2b9b0,45c,0,block,,1,
2be10,524,0,block,,1,
2c340,5c,0,block,,0,
2c39c,6c,0,block,,0,
2c40c,74,0,block,,0,
2c480,84,0,block,,0,
2c508,c8,0,block,,0,
2c5e8,bc,0,block,,0,
2c6c0,bc,0,block,,0,
2c794,fc,0,block,,0,
2c8a8,c0,0,block,,0,
2c9a0,bc,0,block,,0,
2cab4,cc,0,block,,0,
2cbb8,108,0,block,,0,
2ccf8,c8,0,block,,0,
2cdd4,bc,0,block,,0,
2cea4,c4,0,block,,0,
2cf7c,fc,0,block,,0,
2d08c,c0,0,block,,0,
2d180,bc,0,block,,0,
2d2d0,d4,0,block,,0,
2d3d8,108,0,block,,0,
2d534,c0,0,block,,0,
2d60c,b0,0,block,,0,
2d6d4,ac,0,block,,0,
2d798,f4,0,block,,0,
2d8a8,c4,0,block,,0,
2d9a4,b4,0,block,,0,
2dab4,bc,0,block,,0,
2dba8,104,0,block,,0,
2dce4,c8,0,block,,0,
2ddc0,bc,0,block,,0,
2de90,c4,0,block,,0,
2df68,fc,0,block,,0,
2e078,c8,0,block,,0,
2e158,b0,0,block,,0,
2e220,ac,0,block,,0,
2e2e4,f4,0,block,,0,
2e3f0,3c,0,block,,1,
2e42c,2c,0,block,,1,
2e458,148,0,block,,1,
2e5f0,78,0,block,,1,
2e668,ec,0,block,,0,
2e754,1e0,0,block,,0,
2e934,d4,0,block,,0,
2ea08,e4,0,block,,0,
2eb1c,150,0,block,,0,
2eca8,d0,0,block,,0,
2edac,e0,0,block,,0,
2eedc,16c,0,block,,0,
2f0c4,cc,0,block,,0,
2f1fc,f4,0,block,,0,
2f31c,164,0,block,,0,
2f4b8,e0,0,block,,0,
2f5c8,e8,0,block,,0,
2f6fc,180,0,block,,0,
2f8f4,dc,0,block,,0,
2fa38,e8,0,block,,0,
2fb4c,158,0,block,,0,
2fcdc,d4,0,block,,0,
2fde0,e0,0,block,,0,
2ff0c,174,0,block,,0,
300f8,d0,0,block,,0,
30224,100,0,block,,0,
30350,164,0,block,,0,
304ec,e0,0,block,,0,
305fc,e8,0,block,,0,
30710,158,0,block,,0,
308a0,d4,0,block,,0,
309a4,1d8,0,block,,1,
30bbc,2c,0,block,,1,
30bec,50,0,block,,1,
30c3c,388,0,strong,sdk_callee,5,
310d0,68,0,block,,0,
31154,90,0,block,,0,
311f0,90,0,block,,0,
3128c,d4,0,block,,2,
31360,44,0,block,,1,
314a8,d4,0,block,,0,
3157c,28,0,block,,1,
315a4,28,0,strong,only_sdk_callers,1,
315cc,ec,0,strong,sdk_callee,17,
316bc,108,0,block,,13,
317c8,14,0,block,,1,src/gen/w6_0.cpp
317dc,68,0,block,,118,
31848,c,0,strong,sdk_callee,1,
1fd738,10,0,strong,sdk_callee+outside_blocks,5,
1fdb28,8,0,strong,sdk_callee+outside_blocks,5,src/gen/lo_3.cpp
1fddd8,54,0,strong,sdk_callee+outside_blocks,564,src/crt_asm.s
1fdf14,40,1,strong,sdk_callee+outside_blocks,4,
1fe034,8,0,strong,sdk_callee+outside_blocks,8,src/gen/lo_3.cpp
1fe154,c,0,strong,sdk_callee+outside_blocks,5,
1fe260,c,1,strong,sdk_callee+outside_blocks,1,
1ff06c,22c,0,strong,sdk_callee+outside_blocks,125,
20004c,74,0,strong,sdk_callee+outside_blocks,422,src/crt_asm.s
200e60,5c,0,strong,sdk_callee+outside_blocks,150,src/crt_asm.s
202058,28,0,strong,sdk_callee+outside_blocks,11,
2024b0,30,0,strong,sdk_callee+outside_blocks,2005,
202b20,88,0,strong,sdk_callee+outside_blocks,240,src/crt_asm.s
203d64,12,1,strong,sdk_callee+outside_blocks,201,
2044b8,8c,0,strong,sdk_callee+outside_blocks,7,
2765f0,160,0,strong,o2_check+outside_blocks,1,
4e019c,c,0,strong,sdk_callee,468,src/gen/lo_12.cpp
4e01ac,40,0,block,,0,
4e01f8,10,0,block,,0,src/wrappers_low1.cpp
4e0208,78,0,block,,0,
4e0294,10,0,block,,0,src/wrappers_low1.cpp
4e02b0,2cc,0,conflict,calls 202a48+calls 62426c+calls 636d90,1,
4e057c,8c,0,conflict,calls 6242d8+calls 622434,1,
4e0610,48,0,block,,0,
4e0660,20,0,block,,0,src/gen/lo_12.cpp
4e0680,100,0,strong,o2_check,2,
4e0780,9c,0,strong,o2_check,0,
4e08a8,3c,0,block,,0,src/gen/br_10.cpp
4e08e4,5c,0,block,,0,
4e0974,50,0,block,,0,
4e09c8,7c,0,strong,o2_check,0,
4e0a48,a0,0,strong,o2_check,0,
4e0afc,6c,0,block,,0,
4e0b6c,c4,0,block,,1,
4e0c34,120,0,conflict,calls 622434,3,
4e0d58,d8,0,conflict,calls 622434,0,
4e0e94,20,0,block,,0,
4e0ebc,38,0,block,,0,src/gen/r3_2.cpp
4e0f3c,c4,0,strong,o2_check,0,
4e1004,40,0,strong,o2_check,0,
4e1350,48,0,block,,2,
4e13a0,34,0,strong,sdk_callee,1,src/gen/br_10.cpp
4e156c,a0,0,block,,0,
4e164c,28,0,block,,4,
4e1998,18,0,block,,2,src/gen/cp_7.cpp
4e19b0,18,0,block,,2,src/gen/cp_7.cpp
4e19c8,34,0,strong,sdk_callee,5,src/gen/br_10.cpp
4e1c68,20,0,block,,2,
4e3080,90,0,block,,0,
4e477c,90,0,block,,0,
4e73d4,34,0,block,,0,src/gen/br_10.cpp
4e7688,18,0,block,,0,
4e76a0,18,0,block,,0,
4e76b8,10,0,block,,0,src/gen/lo_12.cpp
4e76c8,40,0,block,,4,
4e7728,3c,0,block,,3,src/gen/br_10.cpp
4e78f8,a8,0,block,,1,
4e79a0,14,0,block,,1,src/gen/br_10.cpp
4e79b8,a4,0,strong,o2_check,0,
4e7a5c,74,0,strong,sdk_callee,1,
4e7ad8,4c,0,block,,0,
4e7b28,4c,0,block,,0,
4e7d30,4,0,block,,5,src/gen/cp_7.cpp
4e7d68,4,0,block,,3,src/gen/cp_7.cpp
4e7df0,2c,0,strong,o2_check,0,
4e7e54,10,0,block,,0,src/gen/lo_12.cpp
4e7e64,3c,0,strong,sdk_callee,5,src/gen/br_10.cpp
4e7eb0,38,0,strong,sdk_callee,3,
4e7ee8,8,0,block,,1,
4e7ef0,58,0,block,,0,
4e7f68,18,0,block,,0,
4e7f80,18,0,block,,0,
4e7f98,10,0,block,,0,src/gen/lo_12.cpp
4e7fa8,3c,0,block,,4,src/gen/br_10.cpp
4e8034,98,0,block,,1,
4e80d0,58,0,block,,0,
4e8230,44,0,block,,0,
4e8298,c8,0,block,,1,
4e836c,28,0,block,,0,
4e8394,4c,0,block,,0,
4e8408,1c,0,block,,0,
4e84fc,34,0,block,,0,
4e85c4,54,0,block,,0,
4e8618,30,0,block,,0,
4e87dc,50,0,block,,2,
4e882c,7c,0,block,,0,
4e8b84,18,0,strong,sdk_callee,9,src/gen/cp_7.cpp
4e8b9c,98,0,block,,1,
4e8c40,28,0,block,,0,
4e8c68,60,0,block,,0,
4e8cc8,88,0,block,,0,
4e8f94,60,0,block,,0,
4e9124,70,0,block,,3,
4e9194,2c,0,block,,0,src/gen/r5_1.cpp
4e91c4,2c,0,block,,0,
4e9314,24,0,block,,0,
4e93f0,68,0,block,,0,
4e9458,50,0,block,,0,
4e94ac,1c,0,block,,0,
4e9568,98,0,block,,0,
4e96c8,60,0,block,,0,
4e9aa8,50,0,block,,0,
4e9afc,44,0,block,,0,
4e9bf0,50,0,block,,0,
4e9c44,40,0,block,,0,
4e9cd0,50,0,block,,0,
4e9d24,18,0,block,,1,
4e9d3c,68,0,block,,0,
4e9e68,70,0,block,,0,
4e9ee0,1c,0,block,,0,src/gen/cp_7.cpp
4e9f24,2c,0,block,,0,
4e9fbc,8c,0,block,,0,
4ea050,80,0,block,,0,
4ea0d4,80,0,block,,0,
4ea23c,5c,0,block,,2,
4ea2c0,7c,0,block,,0,
4ea380,188,0,block,,1,
4ea520,28,0,block,,0,
4ea548,60,0,block,,0,
4ea658,c,0,block,,0,
4ea66c,80,0,block,,0,
4ea7d4,44,0,block,,0,
4ea818,b0,0,block,,0,
4eabf0,20,0,block,,0,
4eac14,134,0,block,,0,
4ead6c,5c,0,block,,0,
4eb088,5c,0,block,,0,
4eb0e4,8,0,block,,0,src/gen/lo_12.cpp
4eb0f0,8,0,block,,0,src/gen/lo_12.cpp
4eb0fc,8,0,block,,0,src/gen/lo_12.cpp
4eb108,b4,0,block,,4,
4eb1bc,c0,0,conflict,calls 68bca0+calls 68c060,0,
4eb284,10,0,block,,0,
4eb294,8,0,block,,0,src/gen/lo_12.cpp
4eb2a0,8,0,block,,0,src/gen/lo_12.cpp
4eb2ac,68,0,block,,0,
4eb314,8,0,block,,0,src/gen/lo_12.cpp
4eb320,10,0,block,,0,src/gen/lo_12.cpp
4eb330,124,0,block,,0,
4eb454,8,0,block,,0,src/gen/lo_12.cpp
4eb460,8,0,block,,0,src/gen/lo_12.cpp
4eb46c,10,0,block,,0,
4eb47c,128,0,block,,0,
4eb5a4,38,0,block,,0,
4eb5dc,50,0,block,,0,
4eb62c,98,0,block,,0,
4eb6c4,8,0,block,,0,src/gen/lo_12.cpp
4eb6d0,8,0,block,,0,src/gen/lo_12.cpp
4eb6dc,4,0,block,,0,src/gen/lo_12.cpp
4eb6e0,2c0,0,conflict,calls 68bca0+calls 68b870+calls 68ba9c,0,
4eb9b4,8,0,block,,0,src/gen/lo_12.cpp
4eb9c0,50,0,block,,0,
4eba10,308,0,conflict,calls 68b9dc,0,
4ebd24,4,0,block,,0,src/gen/lo_12.cpp
4ebd28,80,0,block,,0,
4ebdb0,7c,0,block,,0,
4ebe3c,2c,0,block,,0,
4ebe78,54,0,block,,0,
4ebed0,90,0,strong,sdk_callee,28,
4ebf64,5c,0,strong,only_sdk_callers,1,
4ebfc4,60,0,block,,1,
4ec028,c,0,block,,1,src/gen/r3_2.cpp
4ec034,78,0,strong,sdk_callee,3,
4ec0b0,68,0,strong,sdk_callee,8,src/gen/cp_7.cpp
4ec11c,b8,0,block,,0,
4ec1dc,58,0,block,,0,
4ec238,18,0,block,,3,src/gen/r3_2.cpp
4ec250,28,0,strong,only_sdk_callers,2,
4ec27c,1c,0,block,,1,src/gen/r3_2.cpp
4ec29c,88,0,block,,3,
4ec328,4c,0,block,,1,
4ec378,68,0,block,,2,src/gen/cp_7.cpp
4ec3e4,68,0,block,,2,src/gen/cp_7.cpp
4ec450,b8,0,block,,0,
4ec510,1c,0,block,,1,
4ec530,a4,0,block,,2,
4ec5e4,68,0,block,,1,src/gen/cp_7.cpp
4ec650,30,0,block,,2,
4ec684,18,0,strong,sdk_callee,45,src/gen/r3_2.cpp
4ec69c,1a8,0,block,,4,
4ec940,88,0,strong,sdk_callee,4,
4ecab0,24,0,block,,0,
4ecadc,60,0,block,,0,
4ecb40,4c,0,block,,0,
4ecb90,34,0,block,,0,
4ecd28,60,0,block,,0,
4ecd8c,34,0,block,,0,
4ece58,28,0,block,,0,
4ece80,8,0,block,,0,src/gen/lo_12.cpp
4ecf0c,c,0,block,,0,src/gen/lo_12.cpp
4ed2b0,48,0,block,,0,
4ed324,58,0,block,,0,
4ed380,54,0,block,,0,
4ed584,40,0,block,,0,
4ed5d0,50,0,block,,0,
4ed624,80,0,block,,0,
4ed6ac,7c,0,block,,0,
4edadc,8,0,block,,0,src/gen/lo_12.cpp
4edae4,4,0,block,,0,src/gen/lo_12.cpp
4edae8,8,0,block,,0,src/gen/lo_12.cpp
4edaf4,58,0,block,,0,
4edb4c,8,0,block,,0,src/gen/lo_12.cpp
4edd30,8c,0,block,,1,
4edf9c,88,0,block,,6,
4ee364,8c,0,block,,1,
4eea84,80,0,block,,1,
4eefa0,3c,0,block,,1,
4ef124,44,0,block,,1,
4ef7f0,1c,0,strong,sdk_callee,15,src/gen/br_10.cpp
4ef810,48,0,block,,1,
4ef8f8,8,0,block,,0,src/gen/cp_7.cpp
4ef900,88,0,strong,sdk_callee,12,
4ef988,ac,0,strong,sdk_callee,13,
4efa38,a8,0,block,,8,
4efb28,150,0,strong,sdk_callee,16,
4efcf0,54,0,block,,2,
4efd84,20,0,block,,1,src/gen/r3_2.cpp
4efda8,54,0,block,,1,
4efe0c,28,0,block,,0,src/gen/r5_1.cpp
4efe34,38,0,block,,0,
4efe6c,1c,0,block,,0,
4efe88,20,0,block,,0,
4efea8,20,0,block,,0,
4efec8,6c,0,block,,0,
4eff3c,f8,0,block,,0,
4f004c,4,1,block,,0,
4f005e,2,1,block,,0,
4f0060,8,1,block,,0,
4f0068,8,1,block,,0,
4f0074,4,0,block,,0,
4f0078,8,0,block,,0,
4f0268,8c,0,strong,sdk_callee,3,
4f0c64,74,0,block,,1,
4f0cf4,c,0,block,,2,src/gen/lo_12.cpp
4f0d04,4c,0,block,,0,
4f0d54,7c,0,block,,1,
4f0f40,28,0,block,,0,
4f1068,1b8,0,block,,0,
4f12c4,44,0,block,,0,
4f140c,1a4,0,strong,sdk_callee,2,
4f15d8,238,0,strong,only_sdk_callers,1,
4f182c,7c,0,block,,0,
4f1b18,174,0,strong,sdk_callee,1,
4f1ca4,244,0,strong,only_sdk_callers,1,
4f1f00,1c4,0,block,,0,
4f2140,74,0,strong,sdk_callee,1,
4f2388,ec,0,strong,only_sdk_callers,1,
4f24a0,e8,0,strong,sdk_callee,2,
4f276c,1a4,0,block,,0,
4f2920,58,0,block,,1,
4f2980,198,0,strong,sdk_callee,2,
4f2c6c,10,0,strong,only_sdk_callers,1,src/gen/lo_12.cpp
4f2c80,54,0,strong,sdk_callee,3,
4f2cd4,c,0,strong,sdk_callee,2,src/gen/lo_12.cpp
4f2ce0,44,0,strong,sdk_callee,1,
4f2d24,20,0,strong,sdk_callee,2,
4f2e18,18,0,strong,sdk_callee,1,
4f2e30,94,0,strong,sdk_callee,1,
4f2ec8,dc,0,strong,only_sdk_callers,2,
4f2fa4,100,0,strong,sdk_callee,2,
4f3200,198,0,block,,2,
4f3510,d8,0,block,,0,
4f35f0,94,0,strong,sdk_callee,4,
4f37c4,b4,0,block,,0,
4f38b8,204,0,strong,sdk_callee,1,
4f3ad8,10c,0,strong,only_sdk_callers,1,
4f45a4,19c,0,block,,1,
4f4758,4,0,block,,0,src/gen/cp_7.cpp
4f475c,88,0,block,,0,
4f47e4,4,0,block,,0,src/gen/cp_7.cpp
4f47e8,70,0,block,,0,
4f485c,d0,0,block,,2,
4f492c,60,0,block,,0,
4f4990,5c,0,block,,0,
4f49f0,108,0,block,,4,
4f4b30,1c,0,block,,4,src/gen/lo_12.cpp
4f4b50,14,0,block,,0,src/gen/lo_12.cpp
4f4b64,1c,0,block,,0,src/gen/r3_2.cpp
4f4b80,104,0,conflict,calls 669d14,2,
4f4c98,84,0,conflict,calls 669d14,0,
4f4d20,30,0,block,,0,
4f4d54,60,0,block,,0,
4f4db8,60,0,block,,0,
4f4e40,28,0,block,,0,
4f4e68,1a4,0,block,,2,
4f5020,80,0,block,,0,
4f50bc,7c,0,block,,0,
4f5144,80,0,block,,0,
4f51cc,e8,0,block,,1,
4f52c4,90,0,block,,0,
4f5358,80,0,block,,0,
4f53e0,58,0,block,,0,
4f543c,64,0,block,,0,
4f5598,18,0,block,,0,src/gen/lo_12.cpp
4f55b0,44,0,block,,2,
4f55f8,30,0,strong,sdk_callee,2,src/gen/ia_2.cpp
4f565c,14,0,block,,1,src/gen/lo_12.cpp
4f5670,14,0,block,,0,src/wrappers_low2.cpp
4f5684,94,0,block,,0,
4f5718,84,0,block,,0,
4f57f0,2c,0,block,,0,
4f581c,50,0,block,,0,
4f5870,64,0,block,,1,
4f58dc,c,0,block,,1,src/gen/r3_2.cpp
4f591c,10,0,block,,1,
4f59d8,104,0,block,,1,
4f5adc,88,0,strong,sdk_callee,3,
4f5b70,90,0,strong,sdk_callee,1,
4f5c0c,5c,0,strong,sdk_callee,9,
4f5c68,2c,0,block,,0,
4f5d18,a0,0,block,,0,
4f5e84,60,0,block,,0,
4f5f14,90,0,block,,1,
4f5fb0,8,0,block,,0,src/gen/lo_12.cpp
4f5fb8,80,0,block,,0,
4f6198,50,0,strong,sdk_callee,5,
4f6250,14,0,block,,1,
4f6268,68,0,block,,0,
4f62d0,48,0,block,,0,
4f631c,d0,0,block,,1,
4f63f8,98,0,block,,0,
4f6494,44,0,block,,1,
4f64dc,2c,0,block,,0,
4f6508,10,0,block,,0,src/gen/r3_2.cpp
4f6518,4,0,block,,0,src/gen/lo_12.cpp
4f651c,c,0,block,,1,src/gen/br_10.cpp
4f653c,8,0,block,,0,src/gen/lo_12.cpp
4f6544,10,0,block,,0,src/gen/r3_2.cpp
4f6554,4,0,block,,0,src/gen/lo_12.cpp
4f6558,c,0,strong,sdk_callee,2,src/gen/lo_12.cpp
4f6568,24,0,block,,4,src/gen/br_10.cpp
4f6594,18,0,block,,1,
4f65b0,18,0,strong,only_sdk_callers,1,
4f65cc,c,0,block,,1,src/gen/lo_12.cpp
4f65f4,60,0,strong,sdk_callee,6,
4f6680,f8,0,block,,1,
4f67a0,ac,0,block,,0,
4f6854,24,0,block,,0,src/gen/lo_12.cpp
4f687c,b8,0,block,,1,
4f6958,28,0,block,,0,src/gen/lo_12.cpp
4f6984,34,0,block,,1,
4f69bc,30,0,block,,1,
4f69f0,16c,0,strong,o2_check,2,
4f6b68,cc,0,block,,1,
4f6c34,3b8,0,block,,2,
4f7000,168,0,strong,o2_check,3,
4f716c,100,0,strong,o2_check,4,
4f7270,54,0,block,,0,
4f72cc,50,0,strong,o2_check,0,
4f7320,1c0,0,strong,sdk_callee,4,
4f74e0,10,0,block,,0,src/gen/lo_12.cpp
4f74f0,6c,0,block,,4,
4f7564,3c,0,block,,0,
4f75a8,3c,0,block,,0,
4f75ec,3c,0,block,,0,
4f7630,48,0,block,,0,src/gen/cp_7.cpp
4f767c,198,0,block,,12,
4f782c,28,0,block,,1,src/gen/br_10.cpp
4f7858,d0,0,block,,4,
4f796c,c,0,block,,1,src/gen/br_10.cpp
4f7a54,4c,0,block,,0,
4f7aa4,7c,0,block,,2,
4f7b30,60,0,block,,1,
4f7b94,14,0,block,,0,src/gen/lo_12.cpp
4f7ba8,60,0,block,,0,
4f7c0c,48,0,block,,0,
4f7c54,400,0,block,,4,
4f8074,ac,0,block,,1,
4f812c,50,0,block,,1,
4f817c,7c,0,block,,0,
4f8208,d4,0,block,,9,
4f82e0,60,0,block,,0,
4f8340,14,0,block,,1,
4f8354,5b8,0,conflict,calls 631e84+calls 631f88+calls 6329b0,2,
4f8938,2ec,0,conflict,calls 631e84+calls 631f88,0,
4f8c2c,20,0,block,,0,
4f8c4c,1e0,0,conflict,calls 632404,2,
4f8e38,20,0,block,,0,
4f8e58,8,0,block,,1,
4f8e60,1e8,0,block,,5,
4f905c,88,0,block,,0,
4f90ec,258,0,block,,12,
4f9358,c0,0,block,,0,
4f941c,458,0,block,,2,
4f9890,7c,0,block,,0,
4f9920,54,0,block,,0,
4f9974,68,0,block,,1,
4f99e0,ec,0,block,,1,
4f9ad8,48,0,block,,0,
4f9b20,4c,0,block,,0,
4f9b6c,84,0,block,,0,
4f9bf8,78,0,block,,0,
4f9c70,4c,0,block,,0,
4f9cbc,14c,0,block,,1,
4f9e10,4c,0,block,,0,
4f9e64,74,0,block,,0,
4f9ef0,108,0,block,,1,
4fa028,130,0,conflict,calls 631e84,0,
4fa15c,100,0,block,,0,
4fa260,140,0,block,,1,
4fa3d0,10,0,block,,0,
4fa3e8,40,0,block,,7,
4fa42c,94,0,block,,5,
4fa4c0,48,0,block,,0,
4fa53c,10,0,block,,0,
4fa554,84,0,block,,0,
4fa5e4,48,0,block,,0,
4fa634,84,0,block,,0,
4fa6c4,88,0,block,,0,
4fa754,d4,0,conflict,calls 632534,1,
4fa834,88,0,block,,0,
4fa8c4,7c,0,block,,0,
4fa948,70,0,block,,0,
4fa9c0,b4,0,block,,2,
4faa7c,c8,0,block,,1,
4fab54,24,0,block,,0,src/gen/lo_12.cpp
4fab7c,20,0,block,,2,src/gen/lo_12.cpp
4faba0,c,0,block,,2,src/gen/lo_12.cpp
4fac38,48,0,block,,0,
4fac88,48,0,block,,0,
4facd8,44,0,block,,0,
4fadf0,58,0,block,,2,
4fae50,58,0,block,,2,
4faeb0,58,0,conflict,calls 64661c,0,
4faf0c,7c,0,block,,4,
4faff0,3c,0,block,,2,src/gen/r5b_1.cpp
4fb148,1c,0,block,,2,src/gen/br_10.cpp
4fb16c,68,0,block,,1,
4fb1e0,34,0,block,,2,src/gen/br_10.cpp
4fb21c,34,0,block,,2,src/gen/r3_2.cpp
4fb2c0,1c,0,strong,sdk_callee,1,src/gen/br_10.cpp
4fb2e4,34,0,strong,sdk_callee,4,src/gen/r3_2.cpp
4fb320,3c,0,block,,1,src/gen/r5b_1.cpp
4fb6a8,88,0,block,,1,
4fba8c,78,0,block,,2,
4fbb04,3c,0,block,,2,src/gen/r5b_1.cpp
4fc17c,88,0,block,,1,
4fc750,30,0,block,,1,
4fc7d8,118,0,conflict,calls 632948,1,
4fc904,ec,0,conflict,calls 632948,2,
4fca20,160,0,block,,3,
4fcb90,114,0,conflict,calls 632948,1,
4fccb4,60,0,block,,6,
4fcd18,58,0,block,,0,
4fcd78,b8,0,block,,0,
4fce38,b0,0,block,,3,
4fcef0,b0,0,block,,0,
4fcfa8,64,0,block,,0,src/gen/big_2.cpp
4fd00c,4c,0,block,,4,src/gen/big_2.cpp
4fd058,28,0,block,,10,src/gen/r3_2.cpp
4fd084,44,0,block,,1,
4fd0c8,28,0,conflict,calls 646540,12,src/gen/br_11.cpp
4fd0f0,28,0,conflict,calls 646540,6,src/gen/br_11.cpp
4fd118,14,0,conflict,calls 646540,7,src/wrappers_low2.cpp
4fd12c,2c,0,block,,6,
4fd504,84,0,block,,0,
4fd5bc,30,0,block,,0,
4fd70c,68,0,strong,only_sdk_callers,1,
4fd788,54,0,strong,sdk_callee,4,
4fd7e4,68,0,strong,only_sdk_callers,1,
4fd864,8c,0,strong,sdk_callee,2,
4fd8fc,64,0,strong,sdk_callee,2,
4fea58,4,0,block,,1,src/gen/cp_7.cpp
4fea78,84,0,block,,0,
4feb3c,2c,0,block,,0,
4feb90,8c,0,block,,2,
4fec9c,f4,0,block,,1,
4fedbc,7e8,0,block,,1,
4ff770,a8,0,block,,1,
4ff850,7b0,0,block,,1,
500000,4,1,block,,0,
500010,8,0,block,,0,
500018,1a0,0,block,,1,
5004d4,1c,0,block,,7,
5004f0,68,0,block,,1,
50055c,b4,0,block,,1,
500614,18,0,block,,1,src/gen/hi_0.cpp
50062c,108,0,block,,2,
500830,2c,0,block,,1,
50085c,28,0,block,,0,src/gen/cp_7.cpp
500960,4,0,block,,7,src/gen/cp_7.cpp
500964,80,0,block,,2,
500ae4,ac,0,block,,2,
500dd0,2c,0,block,,1,
500dfc,2c,0,block,,1,
500ec0,48,0,block,,1,
500f10,50,0,block,,1,
5015ec,40,0,block,,2,
501720,30,0,block,,0,
501758,38,0,strong,sdk_callee,8,
5018cc,50,0,block,,0,
501954,3c,0,block,,0,
5019dc,28,0,block,,3,src/gen/hi_0.cpp
501a04,40,0,block,,0,
501a48,38,0,block,,0,
501a84,28,0,block,,0,src/gen/br_11.cpp
501ab0,1c,0,block,,0,src/gen/br_11.cpp
501ad0,4,0,block,,0,src/gen/hi_0.cpp
501ad4,58,0,block,,0,
501b90,270,0,block,,1,
501e04,10,0,block,,1,
501e14,74,0,block,,3,
501e8c,e8,0,strong,sdk_callee,16,
501f84,16c,0,strong,sdk_callee,12,
502114,50,0,block,,6,
502168,124,0,block,,10,
50229c,34,0,strong,sdk_callee,66,
5022d0,64,0,strong,sdk_callee,51,
502340,e4,0,block,,11,
502428,68,0,block,,11,
502490,4,0,block,,1,src/gen/cp_7.cpp
502494,58,0,strong,sdk_callee,221,
5024f4,38,0,strong,sdk_callee,84,
50253c,b8,0,block,,11,
5025fc,b8,0,strong,sdk_callee,15,
5026bc,60,0,block,,0,
502720,a8,0,block,,0,
5027c8,8,0,block,,2,src/gen/hi_0.cpp
5027d4,128,0,block,,1,
50294c,18,0,block,,0,
502998,f0,0,block,,0,
502a8c,94,0,block,,1,
502b70,7c,0,block,,1,
502bf4,4c,0,block,,2,
502c40,94,0,block,,2,
502cd4,30,0,block,,0,
5031d4,34,0,block,,0,src/gen/br_11.cpp
503210,18,0,block,,2,src/gen/br_11.cpp
50323c,20,0,block,,0,
503268,d8,0,block,,0,
503354,40,0,block,,0,src/gen/br_11.cpp
50339c,12c,0,block,,0,
5034cc,140,0,block,,1,
5039b8,20,0,strong,sdk_callee,1,
5039e0,34,0,block,,2,
503bac,4,0,block,,1,src/gen/cp_7.cpp
503c2c,4,0,strong,sdk_callee,2,src/gen/cp_7.cpp
504550,1c,0,block,,1,src/gen/r3_2.cpp
504570,1c,0,block,,2,src/gen/r3_2.cpp
504590,8c,0,strong,sdk_callee,17,
50462c,54,0,block,,2,
504680,314,0,conflict,calls 68c258,1,
504994,1a0,0,conflict,calls 68c258,1,
504b88,40,0,block,,0,
504bc8,40,0,block,,0,
504c08,50,0,block,,0,
504c58,40,0,block,,0,
504c98,30,0,block,,1,src/utf16_wrappers.cpp
504cc8,264,0,block,,1,
504f30,12c,0,block,,0,
505060,2c,0,block,,0,src/gen/ia_2.cpp
50508c,2c,0,block,,0,src/gen/ia_2.cpp
5050b8,2c,0,block,,0,src/gen/ia_2.cpp
5050e4,94,0,block,,0,
505178,2c,0,block,,0,src/gen/ia_2.cpp
5051a4,2c,0,block,,0,src/gen/ia_2.cpp
5051d0,2c,0,block,,0,src/gen/ia_2.cpp
5051fc,2c,0,block,,0,src/gen/ia_2.cpp
505228,2c,0,block,,0,src/gen/ia_2.cpp
505254,6c,0,block,,0,
5052c0,2c,0,block,,0,src/gen/ia_2.cpp
5052ec,2c,0,block,,0,src/gen/ia_2.cpp
505318,2c,0,block,,0,src/gen/ia_2.cpp
505344,2c,0,block,,0,src/gen/ia_2.cpp
505370,94,0,block,,0,
505404,2c,0,block,,0,src/gen/ia_2.cpp
505430,2c,0,block,,0,src/gen/ia_2.cpp
50545c,2c,0,block,,0,src/gen/ia_2.cpp
505488,24,0,block,,0,
5054ac,2c,0,block,,0,src/gen/ia_3.cpp
5054d8,24,0,block,,0,
5054fc,2c,0,block,,0,src/gen/ia_3.cpp
505528,34,0,block,,1,src/gen/ia_3.cpp
50555c,40,0,block,,0,
50559c,40,0,block,,0,
5055dc,80,0,block,,0,
50565c,6c,0,block,,0,
5056c8,228,0,block,,0,
5058f0,40,0,block,,0,
505930,40,0,block,,0,
5059a4,8,0,block,,0,src/gen/hi_0.cpp
505a8c,40,0,block,,0,
505acc,40,0,block,,0,
505b0c,68,0,block,,0,
505b74,2c,0,block,,0,src/gen/ia_3.cpp
505ba0,24,0,block,,2,
505bc4,98,0,block,,2,
505c5c,34,0,block,,2,
505ca0,20,0,block,,0,
505cd0,24,0,block,,0,
505d04,20,0,block,,0,
505d24,6c,0,block,,0,
505d90,b8,0,block,,5,
505e48,320,0,block,,1,
506168,10,0,block,,1,src/gen/hi_0.cpp
506178,f4,0,block,,1,
506270,68,0,block,,7,
5062d8,654,0,block,,2,
50692c,264,0,conflict,calls 6854e8+calls 685544,2,
506b94,348,0,conflict,calls 685544+calls 6855c4+calls 6854e8,0,
506edc,78,0,block,,2,
506f54,10,0,block,,0,src/gen/hi_0.cpp
506f64,27c,0,conflict,calls 685544+calls 6855c4+calls 6854e8,0,
5071e0,b0,0,conflict,calls 6855c4+calls 685514,0,
507290,68,0,conflict,calls 6854e8+calls 6855c4,0,src/gen/cp_7.cpp
5072f8,c4,0,conflict,calls 6855c4+calls 685514,0,
5073bc,10,0,block,,0,src/gen/hi_0.cpp
5073cc,8,0,block,,0,src/gen/hi_0.cpp
5073d4,6c,0,conflict,calls 6854e8+calls 6855c4,0,
507440,8,0,block,,0,src/gen/hi_0.cpp
507448,14,0,block,,0,src/gen/br_11.cpp
50745c,68,0,conflict,calls 6854e8+calls 6855c4,0,src/gen/cp_7.cpp
5074c4,294,0,conflict,calls 685544+calls 6855c4+calls 6854e8,0,
507758,12c,0,conflict,calls 6855c4+calls 685544+calls 68552c,0,
507884,6c,0,block,,0,
5078f0,118,0,block,,0,
507a08,8,0,block,,0,src/gen/hi_0.cpp
507a10,90,0,conflict,calls 6854fc+calls 6855c4,0,
507aa0,bc,0,conflict,calls 6855c4+calls 685514,0,
507b5c,a8,0,conflict,calls 6855c4+calls 685514,0,
507c04,bc,0,block,,2,
507cc0,28,0,block,,2,
507ce8,98,0,block,,0,
507d80,f4,0,block,,3,
507e74,84,0,block,,4,
507ef8,534,0,conflict,calls 685568+calls 685348+calls 685378,2,
50842c,2b0,0,conflict,calls 685360+calls 68c2c4+calls 685568,2,
5086dc,d8,0,conflict,calls 6854cc+calls 685544,2,
5087b4,1e4,0,conflict,calls 685568+calls 685330+calls 685378,2,
508998,25c,0,block,,2,
508bf4,24,0,block,,2,
508c18,118,0,block,,1,
508d30,ec,0,block,,1,
508e1c,1a0,0,block,,5,
508fc0,48,0,block,,1,
509008,368,0,block,,3,
509374,1d4,0,block,,2,
509548,54,0,block,,5,
5095a4,228,0,conflict,calls 68539c+calls 685544,3,
5097cc,48,0,block,,3,
509814,20,0,block,,3,
509834,60,0,block,,3,
50989c,6c,0,block,,2,
50990c,20,0,block,,2,
50992c,34,0,block,,14,src/hand_misc14.cpp
509960,140,0,block,,25,
509aa0,14,0,block,,2,src/gen/hi_0.cpp
509ab4,100,0,block,,1,
509bb8,1e4,0,block,,1,
509da0,54,0,block,,2,
509dfc,68,0,block,,0,
509e68,f4,0,strong,o2_check,0,
509f88,108,0,conflict,calls 633800,0,
50a0b4,190,0,conflict,calls 633800,0,
50a268,1d0,0,conflict,calls 633800,0,
50a45c,8c,0,block,,3,
50a4f8,1ec,0,block,,3,
50a6f0,114,0,block,,0,
50a830,1a0,0,block,,0,
50a9fc,1dc,0,block,,0,
50ac04,190,0,block,,3,
50ada0,58,0,block,,2,
50adfc,38c,0,block,,1,
50b188,94,0,block,,0,
50b220,4c,0,block,,2,
50b270,70,0,block,,0,
50b2e8,6c,0,block,,0,
50b35c,48,0,block,,1,
50b3e8,290,0,block,,3,
50b688,268,0,block,,1,
50b904,268,0,block,,2,
50bb6c,460,0,block,,1,
50bfcc,44,0,block,,4,src/gen/r3_2.cpp
50c010,28,0,block,,3,
50c03c,30,0,block,,1,
50c108,b4,0,block,,0,
50c1bc,5c,0,block,,5,
50c220,2c,0,block,,0,
50c250,28,0,block,,5,
50c27c,c,0,block,,1,
50c294,48,0,block,,1,
50c2e4,14,0,block,,4,src/gen/br_11.cpp
50c36c,14,0,block,,1,src/gen/br_11.cpp
50c3d8,6c,0,block,,0,
50c500,5c,0,block,,0,
50c568,5c,0,block,,0,
50c5d0,5c,0,block,,0,
50ccec,3c,0,block,,0,
50e028,29c,0,strong,only_sdk_callers,1,
50e6c4,20,0,block,,2,src/gen/r3_2.cpp
50e6e4,bc,0,block,,2,
50e7a4,c,0,block,,2,src/gen/hi_0.cpp
50e7b0,c,0,block,,2,src/gen/hi_0.cpp
50e7bc,40,0,block,,3,
50e7fc,38,0,block,,1,src/gen/hi_0.cpp
50e834,4c,0,conflict,calls 633998,1,
50e880,14,0,block,,0,src/gen/br_11.cpp
50e894,1c,0,block,,2,src/gen/r3_2.cpp
50e8cc,14,0,block,,1,src/gen/hi_0.cpp
50e8e0,b4,0,block,,1,
50e9a8,68,0,block,,0,
50ea10,78,0,conflict,calls 633a6c+calls 633b50,0,
50ed08,e0,0,conflict,calls 633a40+calls 633ae4+calls 633dbc,2,
50edf0,30,0,block,,1,
50ee24,54,0,block,,0,
50ee7c,54,0,block,,0,
50eed4,58,0,block,,1,
50ef2c,c,0,block,,20,src/gen/hi_0.cpp
50ef3c,2c,0,block,,0,
50ef68,e8,0,block,,4,
50f054,24c,0,block,,0,
50f2a8,20,0,block,,2,
50f2cc,80,0,conflict,calls 633dbc,5,
50f34c,108,0,block,,6,
50f454,4c,0,block,,1,
50f4c8,d4,0,block,,1,
50f5a4,90,0,block,,3,
50f63c,e4,0,block,,1,
50f734,48,0,block,,2,
50f77c,c,0,block,,1,src/gen/hi_0.cpp
50f788,44,0,block,,2,
50f7cc,d0,0,block,,1,
50fc9c,24,0,block,,1,src/gen/r3_2.cpp
50fcc4,48,0,block,,0,
50fd10,48,0,block,,0,
50fd5c,48,0,block,,1,
50fda4,c,0,block,,1,src/gen/hi_0.cpp
50fdb4,28,0,block,,1,src/gen/br_11.cpp
50fddc,1c,0,block,,2,
50fe14,14,0,block,,1,src/gen/hi_0.cpp
50fe28,2c,0,block,,2,src/gen/br_11.cpp
50fe54,24,0,block,,2,src/gen/cm_0.cpp
50fe78,4,0,block,,0,src/gen/hi_0.cpp
50fe7c,4,0,block,,0,src/gen/hi_0.cpp
50fe80,4,0,block,,0,src/gen/hi_0.cpp
50fe84,4,0,block,,0,src/gen/hi_0.cpp
50fe88,4,0,block,,0,src/gen/hi_0.cpp
50fe8c,4,0,block,,0,src/gen/hi_0.cpp
50fe90,44,0,block,,0,src/gen/br_11.cpp
50fed8,40,0,block,,0,
50ff18,4c,0,block,,5,
50ff7c,4,0,block,,0,src/gen/hi_0.cpp
50ff80,14c,0,conflict,calls 633a40+calls 633a6c+calls 633b50,0,
5100dc,48,0,block,,0,
51013c,4,0,block,,0,src/gen/hi_0.cpp
510140,154,0,conflict,calls 633a6c+calls 633a2c+calls 633b50,0,
5102a0,48,0,block,,0,
510300,4,0,block,,0,src/gen/hi_0.cpp
510304,1fc,0,conflict,calls 633a6c+calls 633b50,0,
510520,48,0,block,,0,
510580,4,0,block,,0,src/gen/hi_0.cpp
510584,28,0,block,,1,
5105b0,20,0,block,,0,
5105d4,48,0,block,,0,
510634,80,0,conflict,calls 633dd8,0,
5106b4,4,0,block,,0,src/gen/hi_0.cpp
5106bc,48,0,block,,0,
51071c,240,0,conflict,calls 633d58+calls 633bb8,0,
510984,4,0,block,,0,src/gen/hi_0.cpp
51098c,48,0,block,,0,
5109e8,e8,0,conflict,calls 633bb8,0,
510ae8,4,0,block,,0,src/gen/hi_0.cpp
510af0,48,0,block,,0,
510b50,34,0,block,,0,
510b84,4,0,block,,0,src/gen/hi_0.cpp
510b88,d0,0,conflict,calls 633dbc,0,
510c78,48,0,block,,0,
510cd8,4,0,block,,0,src/gen/hi_0.cpp
510cdc,230,0,conflict,calls 633a40+calls 633a6c+calls 633a2c,0,
510f30,48,0,block,,0,
510f90,4,0,block,,0,src/gen/hi_0.cpp
510f94,c8,0,block,,7,
51106c,48,0,block,,0,
5110cc,1bc,0,conflict,calls 633d58+calls 633bb8,0,
5112b0,4,0,block,,0,src/gen/hi_0.cpp
5112b4,28,0,block,,8,
5112e0,24,0,block,,18,src/gen/hi_0.cpp
511308,9c,0,block,,1,
5113b0,18,0,block,,1,src/gen/br_11.cpp
5113cc,18,0,block,,1,src/gen/br_11.cpp
5113e8,18,0,block,,1,src/gen/br_11.cpp
511404,18,0,block,,4,src/gen/br_11.cpp
51141c,50,0,block,,3,
511474,2c,0,block,,2,src/gen/br_11.cpp
5114a0,c,0,block,,1,src/gen/hi_0.cpp
5114ac,30,0,block,,4,src/gen/br_11.cpp
5114dc,1c,0,block,,1,src/calls_hi2.cpp
5114f8,40,0,block,,2,
51153c,84,0,conflict,calls 633d58,10,
5115c4,3c,0,block,,10,
511604,20,0,block,,8,src/gen/br_11.cpp
511624,b8,0,conflict,calls 633d58,1,
5116e0,c8,0,conflict,calls 633d58,1,
5117cc,28,0,block,,2,
5117fc,44,0,block,,0,
511844,3c,0,block,,4,
511884,9c,0,block,,1,
51192c,18,0,block,,1,src/gen/br_11.cpp
511948,18,0,block,,1,src/gen/br_11.cpp
511964,18,0,block,,4,src/gen/br_11.cpp
51197c,50,0,block,,3,
5119d4,18,0,block,,1,src/gen/br_11.cpp
5119f0,2c,0,block,,2,src/gen/br_11.cpp
511a1c,c,0,block,,1,src/gen/hi_0.cpp
511a28,30,0,block,,4,src/gen/br_11.cpp
511a58,18,0,block,,2,
511a70,44,0,block,,1,
511ab8,90,0,block,,1,
511b48,88,0,block,,1,
511bd4,c8,0,block,,1,
511ca0,150,0,block,,1,
511e08,94,0,block,,2,
511ec4,10,0,block,,1,
511ed4,44,0,block,,1,
511fe0,58,0,block,,1,src/gen/cm_0.cpp
512038,88,0,block,,1,
5120c4,c8,0,block,,1,
512190,380,0,conflict,calls 647cb8,1,
512510,8,0,block,,12,src/gen/hi_0.cpp
51251c,70,0,block,,1,
512590,20,0,block,,2,
5125b0,14,0,block,,2,src/gen/br_11.cpp
5125c4,c,0,block,,1,src/gen/hi_0.cpp
512840,34,0,block,,1,
512874,34,0,block,,1,
5128a8,170,0,block,,1,
512a20,34,0,block,,1,
512a54,c,0,block,,1,src/gen/br_11.cpp
512a60,b8,0,block,,1,
512c5c,6c,0,block,,1,src/gen/br_11.cpp
512cdc,74,0,block,,1,
512d50,18,0,block,,2,src/gen/br_11.cpp
512d68,b0,0,block,,8,
512e18,3c,0,block,,5,
512e54,30,0,block,,1,
512e94,94,0,block,,0,
512f38,94,0,block,,0,
512fd4,40,0,block,,1,
513014,98,0,block,,8,
5130bc,108,0,block,,1,
5131e0,90,0,block,,1,
513270,28,0,block,,2,
513298,10,0,block,,2,src/gen/w6_0.cpp
5132a8,e0,0,block,,1,
51338c,18,0,block,,0,src/gen/w6_1.cpp
5133a4,180,0,block,,0,
513528,e0,0,block,,1,
513620,28,0,block,,1,
513648,54,0,block,,0,
51369c,14,0,block,,1,src/gen/hi_0.cpp
5136b4,e8,0,block,,1,
5137b0,98,0,block,,3,
51385c,11c,0,block,,1,
513980,44,0,block,,3,
5139c4,c,0,block,,2,src/gen/cp_7.cpp
5139d0,10,0,block,,1,
5139e0,1ac,0,block,,1,
513b90,8,0,block,,5,src/gen/hi_0.cpp
513b9c,58,0,block,,1,
513bfc,98,0,block,,4,
513c98,100,0,block,,3,
513d9c,14,0,block,,1,
513db0,40,0,block,,1,
513df0,28,0,strong,sdk_callee,1,src/gen/hi_0.cpp
513e98,1b4,0,strong,sdk_callee,1,
51407c,110,0,block,,2,
51418c,30,0,strong,sdk_callee,2,src/gen/hi_0.cpp
514238,60,0,block,,2,
51429c,20,0,block,,1,
5142c0,14,0,block,,2,src/gen/hi_0.cpp
5142d4,c,0,block,,1,src/gen/br_11.cpp
5142e4,8,0,block,,1,src/gen/hi_0.cpp
5142f0,4c,0,block,,2,
51434c,c,0,block,,6,src/gen/hi_0.cpp
51435c,c,0,block,,2,src/gen/hi_0.cpp
514390,14,0,block,,3,src/gen/hi_0.cpp
5143a8,8c,0,block,,0,
51443c,24,0,block,,6,src/gen/hi_0.cpp
514464,20,0,block,,0,
5144cc,40,0,block,,0,
514514,dc,0,conflict,calls 64649c,0,
5145f0,2c,0,block,,2,
514624,20,0,block,,1,
514644,8c,0,block,,1,
5146d0,60,0,block,,4,
514730,16c,0,block,,2,
5148f8,68,0,strong,sdk_callee,3,src/gen/br_11.cpp
514964,4c,0,strong,sdk_callee,2,src/gen/br_11.cpp
5149b4,12c,0,block,,1,
514aec,c0,0,block,,1,
514bb0,64,0,block,,1,
514c18,100,0,block,,2,
514d20,5c,0,block,,1,src/gen/cp_7.cpp
514d80,44,0,strong,sdk_callee,2,src/gen/br_11.cpp
514dc8,48,0,strong,sdk_callee,2,src/gen/cp_7.cpp
514e14,4c,0,strong,sdk_callee,2,src/gen/r3_2.cpp
514e68,68,0,strong,sdk_callee,2,src/gen/br_11.cpp
514ed4,e0,0,block,,3,
514fb8,6c,0,strong,sdk_callee,2,src/gen/cp_7.cpp
515028,58,0,block,,1,src/gen/br_11.cpp
515084,144,0,block,,3,
5151d0,44,0,strong,sdk_callee,2,src/gen/br_11.cpp
515218,2a8,0,block,,1,
5154c4,50,0,block,,1,
515518,54,0,block,,1,
515570,34,0,block,,1,src/gen/br_11.cpp
51561c,40,0,strong,sdk_callee,2,src/gen/br_11.cpp
5156a8,4c,0,block,,0,src/gen/br_11.cpp
5156f8,160,0,block,,0,
515860,54,0,block,,1,
5158b8,a4,0,block,,0,
51595c,5c,0,block,,1,
5159bc,70,0,block,,1,
515a30,54,0,block,,1,
515ad8,f0,0,block,,2,
515bcc,80,0,block,,2,
515c54,5c,0,block,,2,
515cb4,1b8,0,block,,0,
515eb4,58,0,block,,0,
515f1c,a8,0,block,,1,
515fc4,f0,0,block,,1,
5160b4,4c,0,block,,2,
516100,64,0,block,,2,
516180,100,0,block,,1,
51628c,230,0,block,,1,
5164bc,1c4,0,conflict,calls 647cb8,2,
5166b0,40,0,block,,2,src/gen/hi_0.cpp
5166f0,170,0,block,,0,
516870,134,0,block,,0,
5169b8,54,0,block,,0,
516a10,54,0,block,,0,
516a68,20,0,block,,1,src/gen/w6_1.cpp
516a88,c,0,block,,5,src/gen/hi_0.cpp
516bc8,6c,0,block,,2,
516c34,e4,0,block,,1,
516d1c,38,0,block,,1,
516d58,c,0,block,,1,src/gen/pt_0.cpp
516d64,27c,0,block,,1,
517000,168,0,block,,1,
517188,34,0,block,,2,
5171bc,38,0,block,,2,
5173f4,20,0,block,,2,
517414,24,0,block,,2,
517438,a4,0,block,,4,
5175e4,6c,0,block,,1,
517650,1c,0,block,,1,
51766c,20,0,block,,3,
51768c,14,0,block,,1,src/gen/hi_0.cpp
5176a0,1c,0,block,,1,
5176d4,50,0,block,,1,
517724,24,0,block,,1,src/gen/ia_3.cpp
517774,2c,0,block,,8,
5177a0,68,0,block,,0,
51780c,20,0,block,,3,
5178cc,5c,0,block,,0,
517930,64,0,strong,sdk_callee,3,
517a20,8c,0,block,,0,
517bb8,64,0,block,,0,
517c38,dc,0,strong,sdk_callee,4,
517e0c,5c,0,block,,0,
517eac,50,0,block,,0,
517f50,54,0,block,,0,
517fac,54,0,block,,0,
51804c,4c,0,block,,0,
5180d8,4c,0,block,,0,
518168,50,0,block,,0,
518234,50,0,block,,0,
5182fc,5c,0,block,,0,
518360,50,0,block,,0,
5183b8,54,0,block,,1,
518414,4c,0,block,,0,
518468,4c,0,block,,0,
5184bc,50,0,block,,0,
51854c,50,0,block,,0,
5185dc,88,0,strong,sdk_callee,4,
518abc,18,0,block,,0,src/gen/hi_0.cpp
518ad4,34,0,block,,2,
518b0c,34,0,block,,0,
518cb8,2c,0,block,,0,
518ce8,2c,0,block,,0,
518e80,d4,0,block,,4,
5190bc,2c,0,block,,9,src/gen/cp_7.cpp
5190f0,9c,0,strong,o2_check,0,
5192e8,24,0,block,,0,
51930c,54,0,block,,1,
519368,60,0,block,,1,
5193d0,3c,0,block,,0,
519508,b4,0,block,,0,
519730,3c,0,strong,sdk_callee,2,
51976c,90,0,block,,0,
519804,bc,0,strong,sdk_callee,1,
5198cc,38,0,block,,0,
519908,34,0,block,,0,
51998c,6c,0,conflict,calls 63385c,0,
5199fc,48,0,block,,1,
519a48,a4,0,block,,0,
519af4,28,0,block,,0,
519b20,30,0,block,,0,
519b54,28,0,block,,2,src/gen/br_11.cpp
519c38,118,0,block,,1,
519ecc,20,0,block,,1,
519eec,178,0,strong,o2_check,1,
51a080,144,0,strong,o2_check,3,
51a98c,c0,0,strong,sdk_callee,2,
51ab78,88,0,block,,0,
51ac74,6c,0,block,,1,
51ace0,74,0,block,,0,
51ad64,4c,0,block,,0,
51adc4,2c,0,block,,0,
51af08,14,0,block,,0,
51b40c,48,0,block,,1,
51b760,90,0,strong,sdk_callee,2,
51bbe4,4,0,block,,1,src/gen/cp_7.cpp
51bbe8,44,0,block,,0,
51bc6c,38,0,block,,2,
51c6d8,40,0,block,,0,
51c71c,3c,0,block,,0,
51c8dc,3c,0,block,,2,src/gen/r5b_1.cpp
51c918,34,0,block,,1,
51c958,8,0,block,,1,
51c960,18,0,block,,1,src/gen/br_11.cpp
51c978,24,0,block,,1,src/calls_hi2.cpp
51c9a8,38,0,block,,1,src/gen/r3_2.cpp
51c9e0,20,0,block,,1,src/gen/br_11.cpp
51ca04,290,0,strong,sdk_callee,2,
51cc94,24,0,strong,sdk_callee,2,src/calls_hi2.cpp
51ce38,10,0,block,,2,src/gen/hi_0.cpp
51ce48,2c,0,strong,sdk_callee,1,src/gen/r3_2.cpp
51ce74,28,0,block,,2,
51cea0,1e4,0,block,,0,
51d51c,6c,0,block,,0,
51d648,68,0,block,,1,
51d6b0,2c,0,block,,0,
51d990,a8,0,block,,1,
51da3c,14,0,block,,1,src/gen/hi_0.cpp
51dd48,24,0,block,,0,
51e100,60,0,conflict,calls 202a48,5,
51e160,f0,0,block,,1,
51e960,18,0,block,,0,
51e978,20,0,block,,5,src/gen/br_11.cpp
51e99c,20,0,block,,2,
51ee30,3c,0,block,,2,
51ee74,48,0,block,,0,
51f090,a0,0,block,,0,
520030,18,0,strong,sdk_callee,22,src/gen/r3_2.cpp
520054,34,0,strong,sdk_callee,4,
5200b4,2c,0,block,,0,
5200e4,78,0,block,,0,src/gen/big_2.cpp
520160,30,0,strong,sdk_callee,25,
520194,80,0,strong,sdk_callee,1,
520214,12c,0,strong,only_sdk_callers,1,
520368,6c,0,strong,sdk_callee,1,src/gen/big_2.cpp
5203d8,78,0,strong,sdk_callee,1,src/gen/big_2.cpp
520454,4c,0,strong,sdk_callee,1,src/gen/big_2.cpp
5204b0,3c,0,strong,sdk_callee,1,
5204f0,1d4,0,block,,1,
5206c4,3c,0,strong,sdk_callee,1,
520704,6c,0,block,,0,src/gen/big_2.cpp
520774,14c,0,strong,sdk_callee,1,
5208d0,f4,0,strong,sdk_callee,1,
5209c4,28,0,strong,sdk_callee,1,
5209ec,fc,0,strong,sdk_callee,1,
520ae8,78,0,block,,0,src/gen/big_2.cpp
520b64,3c,0,block,,0,
520ba4,30,0,strong,sdk_callee,43,
520d3c,240,0,strong,sdk_callee,55,
52133c,3c,0,strong,sdk_callee,1,
52137c,1cc,0,block,,0,
521550,3c,0,block,,1,
521590,6c,0,block,,0,src/gen/big_2.cpp
521600,14c,0,block,,0,
521850,3c,0,block,,0,
5219a0,3c,0,strong,sdk_callee,1,
522228,20,0,strong,sdk_callee,11,src/hand_misc15.cpp
522248,2c,0,block,,3,src/gen/br_11.cpp
522314,a4,0,block,,1,
5223b8,24,0,block,,1,src/calls_hi2.cpp
5224ec,110,0,block,,2,
5225fc,c8,0,block,,4,
5226c4,50,0,block,,7,
522718,7c,0,block,,6,
522794,b4,0,block,,0,
522848,c0,0,block,,4,
522908,9c,0,block,,4,
5229a4,2b4,0,block,,0,
522c58,8,0,block,,7,src/gen/hi_0.cpp
522c64,110,0,block,,2,
522d74,ec,0,block,,2,
522e60,c,0,block,,0,src/gen/hi_0.cpp
522e6c,108,0,block,,4,
522f78,38,0,block,,2,
522fb0,7c,0,block,,1,
52304c,2c,0,block,,2,
523078,68,0,block,,3,
5230e0,1bc,0,block,,0,
5232a0,2c,0,block,,4,src/gen/br_11.cpp
5232d0,1b0,0,block,,2,
523484,1e8,0,block,,2,
523674,c,0,block,,0,src/gen/hi_0.cpp
523680,104,0,block,,2,
523784,41c,0,block,,2,
523bac,43c,0,block,,2,
523fec,1d0,0,block,,0,
5241bc,1c8,0,block,,0,
524384,1e8,0,block,,0,
52456c,1e4,0,block,,0,
524750,174,0,block,,0,
5248c4,d0,0,block,,0,
5249ac,2e4,0,block,,1,
524cc4,188,0,block,,0,
524e4c,234,0,block,,0,
525084,22c,0,block,,0,
5252b4,1f4,0,block,,0,
5254ac,2a4,0,block,,1,
5257a0,660,0,block,,1,
525e1c,230,0,block,,1,
526058,130,0,block,,0,
526190,160,0,block,,1,
5262f0,9c,0,block,,1,
52638c,11c,0,block,,2,
5264a8,700,0,block,,1,
526bc0,6e4,0,block,,1,
5272f8,3f0,0,block,,0,
5276f0,358,0,block,,1,
527a68,10d8,0,block,,7,
528b40,500,0,block,,5,
529044,1cc,0,block,,0,
529210,b8,0,block,,0,
5292d4,2f8,0,block,,1,
5295d4,c8,0,block,,4,
52969c,dc,0,block,,0,
529788,54,0,block,,1,
5297dc,58,0,block,,4,
529834,78,0,block,,1,
529a30,4c,0,block,,1,
529a80,a4,0,block,,0,
529b2c,f4,0,block,,0,
529c30,f4,0,block,,0,
529d34,160,0,block,,0,
529ea4,160,0,block,,0,
52a014,164,0,block,,0,
52a188,164,0,block,,0,
52a2fc,1b8,0,block,,0,
52a4c4,1b8,0,block,,0,
52a68c,154,0,block,,0,
52a7f0,154,0,block,,0,
52a954,188,0,block,,0,
52aaec,188,0,block,,0,
52ac84,1ac,0,block,,0,
52ae40,1ac,0,block,,0,
52affc,1f4,0,block,,0,
52b200,1f4,0,block,,0,
52b404,f4,0,block,,0,
52b508,f4,0,block,,0,
52b60c,bc,0,block,,0,
52b6cc,160,0,block,,0,
52b83c,15c,0,block,,0,
52b9a8,f8,0,block,,0,
52baa4,164,0,block,,0,
52bc18,164,0,block,,0,
52bd8c,f0,0,block,,0,
52be80,1bc,0,block,,0,
52c04c,1b8,0,block,,0,
52c214,14c,0,block,,0,
52c364,160,0,block,,0,
52c4d4,160,0,block,,0,
52c644,f4,0,block,,0,
52c73c,1a4,0,block,,0,
52c8f0,1a4,0,block,,0,
52caa4,140,0,block,,0,
52cbe8,1ac,0,block,,0,
52cda4,1ac,0,block,,0,
52cf60,144,0,block,,0,
52d0a4,1f4,0,block,,0,
52d2a8,1f4,0,block,,0,
52d4ac,18c,0,block,,0,
52d638,234,0,block,,7,
52d870,f8,0,block,,0,
52d978,150,0,block,,0,
52dad8,154,0,block,,0,
52dc3c,1ac,0,block,,0,
52ddf8,158,0,block,,0,
52df60,190,0,block,,0,
52e100,19c,0,block,,0,
52e2ac,1e4,0,block,,0,
52e4a0,48,0,block,,5,
52e4e8,2f8,0,block,,2,
52e7fc,128,0,block,,0,
52e938,194,0,block,,0,
52eae0,184,0,block,,0,
52ec78,208,0,block,,0,
52f03c,1f4,0,block,,0,
52f244,204,0,block,,0,
52f45c,248,0,block,,0,
52f6b8,140,0,block,,0,
52f80c,1c8,0,block,,0,
52f9e8,1b4,0,block,,0,
52fbb0,224,0,block,,0,
52fde8,1a8,0,block,,0,
52ffa4,1f0,0,block,,0,
5301a8,1fc,0,block,,0,
5303b8,274,0,block,,0,
530640,100,0,block,,0,
530754,174,0,block,,0,
5308dc,148,0,block,,0,
530a38,1c4,0,block,,0,
530c10,17c,0,block,,0,
530da0,1b8,0,block,,0,
530f6c,1c4,0,block,,0,
531144,210,0,block,,0,
531368,58,0,block,,2,
5313c4,48,0,block,,1,
53140c,24,0,block,,2,src/calls_hi2.cpp
531430,fc,0,block,,2,
531530,378,0,block,,1,
5318ac,274,0,block,,0,
531b20,78,0,block,,2,
531ba8,1ec,0,block,,6,
531da8,150,0,block,,3,
531f08,10c,0,block,,6,
532024,38,0,block,,4,
532064,48,0,block,,10,
5320b8,c8,0,block,,2,
53218c,3c,0,block,,30,src/hand_misc8.cpp
5321cc,1f0,0,block,,3,
5323cc,64,0,block,,3,
5324b4,a4,0,block,,0,
532574,38,0,block,,0,src/gen/br_11.cpp
5325b8,5c,0,block,,27,src/hand_misc10.cpp
532620,6c,0,block,,24,src/hand_misc10.cpp
5326b8,fc,0,block,,0,
5327c8,80,0,block,,1,
532860,100,0,block,,6,
532974,e4,0,block,,2,
532a58,e0,0,conflict,calls 648518+calls 646eec,2,
532b50,18,0,conflict,calls 687684,0,
532b70,18,0,block,,0,
532b88,1c,0,conflict,calls 687684,1,
532ba4,3bc,0,block,,0,
532f7c,34c,0,block,,0,
5332e4,1c,0,block,,0,src/gen/cp_7.cpp
533308,68,0,strong,sdk_callee,3,
5333c0,cc,0,block,,4,
533490,f0,0,strong,sdk_callee,8,
533650,28,0,strong,sdk_callee,3,src/gen/br_11.cpp
533764,40,0,block,,0,
5337a4,4c,0,block,,0,
5339a4,34,0,strong,sdk_callee,7,
5339dc,c,0,strong,sdk_callee,5,src/gen/br_11.cpp
533a54,9c,0,block,,1,
533b0c,30,0,block,,0,
533b40,48,0,block,,0,src/gen/r3_2.cpp
533c54,24,0,block,,0,src/gen/br_11.cpp
533cf0,a8,0,block,,0,
533da4,24,0,block,,0,src/gen/br_11.cpp
533dcc,108,0,block,,0,
533edc,80,0,block,,0,src/gen/br_11.cpp
533f60,98,0,block,,0,
534038,c,0,strong,sdk_callee,2,src/gen/hi_0.cpp
53404c,30,0,block,,0,
53407c,104,0,block,,0,
5341bc,c,0,block,,3,src/gen/br_11.cpp
5341e0,80,0,block,,0,
534264,88,0,block,,0,src/gen/cm_0.cpp
5342f4,40,0,block,,0,src/gen/r3_2.cpp
534338,58,0,block,,0,
5343c0,78,0,block,,1,
534440,48,0,block,,0,src/gen/br_11.cpp
534490,cc,0,strong,sdk_callee,1,
534564,24,0,block,,1,src/gen/br_11.cpp
53466c,a4,0,block,,0,
534780,58,0,block,,1,
5347e0,38,0,block,,0,
53486c,128,0,strong,sdk_callee,2,
534a78,58,0,block,,0,
534b70,64,0,strong,only_sdk_callers,2,
534bd4,54,0,block,,0,
534d78,f0,0,block,,0,
534e74,a8,0,block,,0,
535078,74,0,block,,0,
535104,48,0,block,,0,
5353f0,1c,0,block,,0,
53576c,98,0,block,,1,src/gen/cm_0.cpp
535aec,34,0,block,,0,
535cc8,4c,0,block,,1,
535d14,30,0,block,,0,
535ea8,c,0,block,,1,src/gen/hi_0.cpp
53610c,f0,0,strong,only_sdk_callers,2,
536240,40,0,block,,0,
536288,180,0,strong,only_sdk_callers,2,
53660c,94,0,strong,only_sdk_callers,1,
5366a0,19c,0,strong,only_sdk_callers,1,
536a2c,14,0,strong,only_sdk_callers,1,
536bec,c0,0,strong,sdk_callee,2,
536cbc,20,0,block,,0,
536cdc,1c,0,block,,0,
536cf8,20,0,block,,0,
53820c,338,0,block,,1,
538b14,74,0,block,,2,
538b90,2cc,0,block,,1,
538ef8,3ec,0,block,,0,
53a240,3c,0,block,,1,
53a638,2fc,0,block,,0,
53a944,94,0,block,,1,
53a9e8,80,0,block,,1,
53aa6c,4,0,block,,0,src/gen/cp_7.cpp
53aa70,98,0,block,,1,
53ab08,104,0,block,,1,
53ac0c,e4,0,strong,sdk_callee,2,
53acf0,1bc,0,block,,1,
53aebc,e4,0,block,,2,
53afa0,1a8,0,strong,sdk_callee,4,
53b174,174,0,block,,1,
53b698,40,0,block,,0,
53b884,38,0,block,,0,
53badc,40,0,block,,0,
53bd7c,a4,0,block,,0,
53c164,90,0,block,,0,
53c5fc,7c,0,block,,0,
53c940,88,0,block,,0,
53cb2c,40,0,block,,0,
53cbac,88,0,block,,1,
53ce50,74,0,block,,0,
53cec4,74,0,block,,0,
53cf90,94,0,block,,0,
53d254,78,0,block,,0,
53d340,34,0,strong,sdk_callee,1,src/gen/br_11.cpp
53d37c,4c,0,block,,0,
53d3d4,64,0,block,,0,
53d4ac,90,0,block,,0,
53d89c,64,0,block,,0,
53dc6c,a0,0,block,,1,
53def4,74,0,block,,0,
53dfd4,80,0,block,,0,
53e334,b4,0,block,,0,
53e3fc,74,0,block,,0,
53e470,60,0,block,,0,
53e4d8,60,0,block,,0,
53e684,74,0,block,,0,
53e748,34,0,strong,sdk_callee,78,src/gen/br_11.cpp
53e82c,84,0,block,,0,
53e8b0,98,0,strong,sdk_callee,2,
53e948,b4,0,block,,0,
53ea10,20,0,block,,0,
53ea30,20,0,block,,0,
53eb2c,88,0,strong,sdk_callee,3,
53ebc0,64,0,block,,0,
53f1d8,b8,0,block,,0,
53f71c,b8,0,block,,2,
53f7e8,dc,0,block,,1,
53f8d8,5c,0,block,,0,
53f934,74,0,block,,0,
53f9a8,74,0,block,,0,
53fc24,6c,0,block,,0,
53fc98,68,0,block,,0,
53ff98,68,0,block,,0,
540008,70,0,block,,0,
540078,84,0,block,,0,
540204,a4,0,block,,0,
5402a8,74,0,block,,0,
5404ec,78,0,block,,0,
540584,b4,0,block,,0,
540650,1c,0,strong,sdk_callee,1,src/calls_hi2.cpp
540674,a4,0,block,,0,
540730,44,0,block,,0,
540780,9c,0,block,,0,
54081c,5c,0,block,,1,
540c84,40,0,block,,1,
541054,90,0,block,,1,
5414b4,7c,0,strong,sdk_callee,2,
541774,88,0,block,,1,
54192c,40,0,block,,1,
5419ac,a8,0,block,,3,
541a64,64,0,block,,0,
541bc0,64,0,block,,0,
541c30,8,0,block,,0,src/gen/hi_0.cpp
541c38,60,0,strong,sdk_callee,3,
541c98,44,0,block,,1,
541cdc,4,0,block,,0,src/gen/hi_0.cpp
541ce0,80,0,block,,5,lib/nw4c/nwut_binary.cpp
541d60,e0,0,block,,1,lib/nw4c/nwut_binary.cpp
541e40,28,0,block,,4,
541e74,64,0,block,,1,
541ee0,90,0,block,,5,
541f94,28,0,block,,2,
542018,40,0,block,,2,
542098,58,0,block,,3,
5420f0,24,0,block,,0,
542118,38,0,block,,1,
542154,4c,0,block,,15,src/hand_misc17.cpp
5421a0,4c,0,block,,57,src/hand_misc3.cpp
5421ec,8,0,block,,2,src/gen/cp_7.cpp
5421f4,2c,0,block,,27,src/gen/r3_2.cpp
542220,10,0,block,,1,src/gen/w6_1.cpp
542230,24,0,block,,41,src/hand_vec.cpp
542254,2c,0,block,,1,
542280,2c,0,block,,1,
5422ac,34,0,block,,1,
5422e0,18,0,block,,1,src/gen/hi_0.cpp
5422f8,2c,0,block,,9,
542324,a4,0,block,,2,
5423c8,8c,0,block,,2,
542454,b8,0,block,,2,
54250c,8c,0,block,,1,
5425a0,14,0,block,,3,src/gen/hi_0.cpp
5425b4,58,0,block,,3,
54260c,a0,0,block,,3,
5426ac,4c,0,block,,2,
5426f8,8,0,block,,3,src/gen/cp_7.cpp
542700,120,0,conflict,calls 634658,0,
542828,2f8,0,conflict,calls 661e80+calls 665644+calls 6652f8,2,
542b54,60,0,block,,1,
542bb8,64,0,block,,1,
542c20,10,0,block,,0,src/gen/hi_0.cpp
542c30,d0,0,block,,1,lib/nw4c/lyt_clim.cpp
542d2c,38,0,block,,3,src/gen/r3_2.cpp
542d64,9c,0,block,,2,
542e0c,48,0,block,,2,
542e80,4,0,block,,0,src/gen/hi_0.cpp
542e84,50,0,block,,1,
542ed4,6c,0,conflict,calls 660bf8+calls 6691d0,1,src/gen/r5_1.cpp
542f48,90,0,block,,2,
542fd8,50,0,block,,2,
543028,ac,0,conflict,calls 56ac60,5,
5430d4,dc,0,conflict,calls 5b1e24+calls 5b1e4c+calls 5b2010,1,
5431c4,c,0,block,,4,
5431d0,e0,0,block,,1,
5432b8,54,0,block,,0,
54330c,9c,0,conflict,calls 5b1fdc,1,
5433d4,24,0,conflict,calls 5b2010,0,
543410,24,0,conflict,calls 5b2010,0,
54344c,128,0,block,,1,
543580,50,0,block,,1,
5435d0,68,0,block,,1,
543638,5c,0,block,,1,
543694,cc,0,conflict,calls 6621dc,1,
543774,1d8,0,conflict,calls 65ef44+calls 665a64+calls 56a1b8,1,
5439a8,c,0,block,,1,src/gen/hi_0.cpp
5439b4,e0,0,block,,1,
543a9c,7c,0,conflict,calls 661d50+calls 660338+calls 65f090,1,src/gen/big_2.cpp
543b24,50,0,conflict,calls 65f090+calls 661d18+calls 665fac,1,
543b80,34,0,conflict,calls 56a8c0+calls 686674,1,
543bb4,84,0,conflict,calls 665a64+calls 56a86c+calls 660890,1,
543c38,98,0,block,,0,
543cd4,a8,0,conflict,calls 56ac60+calls 56aa88+calls 56ad34,0,
543d80,c,0,block,,2,src/gen/hi_0.cpp
543d94,a8,0,block,,2,
543e3c,90,0,block,,2,
543ecc,58,0,block,,5,
543f24,10,0,block,,0,
543f34,168,0,block,,0,
54409c,190,0,block,,0,
54422c,ec,0,block,,0,
544318,2c0,0,block,,0,
5445f4,384,0,block,,0,
544978,30,0,block,,1,
5449b0,34,0,block,,0,src/gen/br_11.cpp
5449e8,30,0,block,,0,
544a1c,68,0,block,,0,
544a84,54,0,block,,0,
544ad8,64,0,block,,4,
544b3c,54,0,block,,0,
544b90,44,0,block,,2,
544bd8,28,0,block,,0,src/gen/w5_2.cpp
544c04,30,0,block,,0,
544c58,10,0,block,,2,
544c68,1cc,0,block,,5,
544e34,68,0,block,,0,
544e9c,278,0,block,,0,
54511c,10,0,block,,1,
54512c,50,0,block,,1,
54517c,54,0,block,,0,
5451d0,4c,0,block,,2,
545220,3c,0,block,,0,src/gen/w5_2.cpp
545260,3c,0,block,,1,
5452a0,15c,0,block,,2,
545414,b8,0,block,,0,
5454cc,84,0,block,,3,
545550,24,0,block,,143,src/gen/br_11.cpp
545574,20,0,block,,1,
545594,24,0,block,,4,src/gen/br_11.cpp
5455b8,20,0,block,,15,src/gen/br_11.cpp
5455d8,4,0,block,,0,src/gen/hi_0.cpp
5455dc,3a4,0,block,,0,
545990,28,0,block,,12,
5459b8,20,0,block,,0,
5459d8,74,0,block,,0,
545a4c,1c,0,block,,0,src/gen/r3_2.cpp
545a68,64,0,block,,0,
545acc,10,0,block,,2,
545adc,c4,0,block,,0,
545ba0,c8,0,block,,0,
545c68,4,0,block,,0,src/gen/hi_0.cpp
545c6c,14,0,block,,0,src/gen/r3_2.cpp
545c80,78,0,block,,1,
545cf8,78,0,block,,0,
545d70,fc,0,block,,2,
545e7c,6c,0,block,,0,src/gen/br_11.cpp
545ee8,44,0,block,,0,
545f2c,40,0,block,,3,
545f6c,4,0,block,,0,src/gen/hi_0.cpp
545f70,12c,0,block,,5,
5460a8,e4,0,block,,14,
54619c,10,0,block,,0,src/gen/hi_0.cpp
5461ac,4,0,block,,0,src/gen/cp_7.cpp
5461b0,d8,0,block,,10,
5462a0,1e0,0,block,,1,
546488,c0,0,block,,2,
546550,ec,0,block,,1,
546640,40,0,block,,0,
546684,54,0,block,,0,
5466dc,54,0,block,,0,
546734,fc,0,block,,1,
546834,f8,0,block,,1,
546930,fc,0,block,,1,
546a30,fc,0,block,,1,
546b30,98,0,conflict,calls 568584+calls 5684dc+calls 569b54,1,
546bc8,480,0,conflict,calls 634220+calls 63652c,2,
547048,10c,0,conflict,calls 634220+calls 567ae0+calls 636204,1,
547154,180,0,conflict,calls 568e7c,4,
54735c,108,0,conflict,calls 6364c4,1,
54746c,2c8,0,block,,2,
54773c,154,0,conflict,calls 63bc18+calls 63bc24+calls 5685fc,10,
54789c,10c,0,conflict,calls 634220,0,
5479b4,138,0,conflict,calls 634220,0,
547afc,70,0,block,,1,
547b6c,3b4,0,conflict,calls 636478,1,
547f30,a8,0,block,,1,
547fd8,4c,0,block,,0,
548024,50,0,conflict,calls 569be4+calls 569bd4+calls 634724,26,
548074,38,0,block,,1,
5480ac,54,0,conflict,calls 569700+calls 569be4+calls 569bd4,6,
548100,40,0,block,,1,
548140,68,0,conflict,calls 5684dc+calls 569db4+calls 569b54,0,
5481ac,14,0,conflict,calls 569db4,1,src/gen/hi_0.cpp
5481c4,10,0,conflict,calls 569e64,0,src/gen/hi_0.cpp
5481d4,160,0,conflict,calls 567d44+calls 56a110+calls 567d54,0,
548334,18,0,block,,24,src/hand_misc7.cpp
548350,20,0,block,,24,src/hand_misc7.cpp
548374,178,0,block,,0,
548500,1c,0,block,,0,
54851c,c,0,block,,1,src/gen/hi_0.cpp
54852c,24,0,block,,0,
548550,20,0,block,,0,
548570,18,0,conflict,calls 569cb4,0,src/gen/w6_1.cpp
548588,18,0,block,,4,src/gen/ia_3.cpp
5485a4,20,0,block,,3,
5485c8,334,0,conflict,calls 6344a4+calls 6345c4+calls 6365d8,0,
5488fc,20,0,block,,0,
54891c,10,0,block,,0,src/gen/r3_2.cpp
54892c,3c,0,block,,0,
548968,4c,0,block,,0,
5489b4,54,0,block,,0,
548a0c,4c,0,block,,0,
548a5c,24,0,block,,1,
548a84,280,0,block,,0,
548d28,1c,0,block,,0,
548d44,34,0,block,,19,src/gen/r5b_1.cpp
548d80,10,0,block,,0,src/gen/hi_0.cpp
548d90,e0,0,block,,1,
548e78,18c,0,block,,13,
549004,74,0,block,,8,
549078,48,0,block,,2,
5490c0,1e4,0,conflict,calls 6659b0,0,
5492b4,1bc,0,conflict,calls 6659b0,0,
549478,138,0,block,,3,
5495b4,dc,0,block,,0,
549690,10,0,block,,0,src/gen/br_11.cpp
5496a0,d8,0,block,,0,
549778,18,0,block,,0,src/gen/br_11.cpp
549790,110,0,conflict,calls 634d64+calls 6347e4,0,
5498a0,24c,0,conflict,calls 6659b0,0,
549af4,240,0,block,,1,
549d3c,54,0,block,,0,
549d98,68,0,block,,0,
549e08,80,0,block,,0,
549e90,d0,0,block,,0,
549f64,c4,0,block,,0,
54a02c,54,0,block,,0,src/gen/ex_0.cpp
54a080,2c,0,block,,6,src/gen/br_11.cpp
54a0ac,10,0,block,,0,src/gen/br_11.cpp
54a0bc,18,0,block,,0,src/gen/br_11.cpp
54a0d4,13c,0,block,,1,
54a214,80,0,conflict,calls 6347e4,0,
54a294,13c,0,block,,1,
54a3d8,ac,0,block,,0,
54a48c,98,0,block,,0,
54a52c,90,0,block,,6,
54a5c4,68,0,block,,0,
54a630,5c,0,block,,4,
54a6a0,14,0,block,,0,src/gen/br_11.cpp
54a6b4,30,0,block,,0,src/utf16_wrappers.cpp
54a6e4,bc,0,block,,3,
54a7a0,174,0,conflict,calls 5679b8+calls 567cec,2,
54a918,60,0,block,,0,
54a978,bc,0,conflict,calls 568f24+calls 686064+calls 686674,1,
54aa34,18,0,block,,0,src/gen/br_11.cpp
54aa4c,84,0,block,,4,
54aad8,d8,0,conflict,calls 635fb4+calls 6659e4+calls 6347e4,0,
54abb0,134,0,block,,2,
54ace8,b8,0,conflict,calls 665a64+calls 686064+calls 56812c,0,
54ada4,1a4,0,block,,1,
54af54,98,0,block,,0,
54aff8,cc,0,block,,0,
54b0d0,c4,0,block,,0,
54b1a0,ac,0,block,,0,
54b250,a4,0,block,,0,
54b2f8,4,0,block,,0,src/gen/hi_0.cpp
54b2fc,14,0,block,,1,src/gen/hi_0.cpp
54b314,10,0,block,,0,src/gen/hi_0.cpp
54b328,ac,0,block,,1,
54b3ec,140,0,conflict,calls 5b2664+calls 5b1e24+calls 5b1e4c,1,
54b570,8c,0,block,,30,
54b5fc,160,0,conflict,calls 5b2664+calls 5b1e24+calls 5b1e4c,160,
54b7a0,6c,0,conflict,calls 5a1ec8+calls 5a2024,25,
54b80c,60,0,conflict,calls 5a1ec8+calls 5a2024,2,
54b880,7dc,0,conflict,calls 59e380+calls 59dfc4+calls 6419e4,193,src/draw_text.cpp
54c088,154,0,conflict,calls 5b2788+calls 5b1fdc,114,
54c214,40,0,conflict,calls 5b2010,0,
54c28c,4,0,block,,0,src/gen/cp_7.cpp
54c290,3c,0,conflict,calls 5b2010,1,
54c304,1c,0,block,,2,
54c324,10,0,block,,0,src/gen/hi_0.cpp
54c338,298,0,block,,12,
54c5d8,14,0,block,,1,src/gen/r3_2.cpp
54c5ec,5c,0,block,,1,
54c648,1220,0,conflict,calls 665a64+calls 665644+calls 65ee6c,0,
54d868,148,0,block,,1,
54d9b0,40,0,block,,1,
54d9f0,8,0,block,,0,src/gen/hi_0.cpp
54d9f8,10,0,block,,3,
54da08,8,0,block,,0,src/gen/hi_0.cpp
54da10,8,0,block,,0,src/gen/hi_0.cpp
54da18,28,0,block,,1,
54da40,90,0,block,,1,
54dad0,24,0,block,,0,src/gen/ex_0.cpp
54daf4,24,0,block,,0,src/gen/ex_0.cpp
54db18,38,0,block,,2,
54db50,4c,0,block,,0,
54db9c,694,0,block,,3,
54e238,54,0,block,,7,
54e294,40,0,block,,0,src/gen/br_11.cpp
54e2d8,3c,0,block,,0,src/gen/br_11.cpp
54e318,a0,0,block,,2,
54e3b8,2c,0,block,,4,src/gen/hi_0.cpp
54e3e4,80,0,block,,6,
54e464,138,0,block,,1,
54e5ac,78,0,block,,1,
54e624,14,0,block,,8,src/gen/hi_0.cpp
54e638,1bc,0,block,,1,
54e7f8,54,0,block,,1,src/gen/big_2.cpp
54e84c,1c,0,block,,2,
54e868,30,0,conflict,calls 6659b0+calls 6617b0,2,src/gen/cp_7.cpp
54e89c,48,0,conflict,calls 65f090+calls 6612ec,1,src/gen/big_2.cpp
54e8ec,40,0,block,,1,
54e92c,48,0,block,,1,
54e974,1c,0,block,,4,
54e990,70,0,block,,0,
54ea00,60,0,block,,2,
54ea60,44,0,conflict,calls 67054c,0,
54eaa8,18,0,conflict,calls 665938,0,
54eac4,44,0,conflict,calls 67054c,0,
54eb0c,78,0,conflict,calls 6659f4,0,
54eb88,78,0,conflict,calls 6659f4,0,
54ec04,14,0,conflict,calls 665644,1,src/gen/r3_2.cpp
54ec20,14,0,conflict,calls 665644,1,src/gen/r3_2.cpp
54ec40,10,0,conflict,calls 665970,0,src/gen/r3_2.cpp
54ec54,14,0,conflict,calls 665970,1,
54ec6c,44,0,conflict,calls 67054c,0,
54ecb4,18,0,conflict,calls 665938,0,
54ecd0,4c,0,conflict,calls 6659b0,1,
54ed20,30,0,block,,0,
54ed50,14,0,conflict,calls 665970,1,
54ed68,44,0,conflict,calls 67054c,0,
54edb0,10,0,conflict,calls 665970,1,src/gen/br_11.cpp
54edc0,350,0,conflict,calls 665a64+calls 665a24+calls 665fac,0,
54f168,224,0,conflict,calls 6659b0+calls 6659f4+calls 6617b0,5,
54f398,c4,0,block,,1,
54f460,3c,0,block,,0,
54f49c,98,0,conflict,calls 634658,14,
54f538,60,0,conflict,calls 55b8fc,2,
54f598,40,0,block,,0,
54f5d8,24,0,block,,0,
54f5fc,34,0,block,,0,
54f630,44,0,block,,1,
54f674,60,0,conflict,calls 55b9b8,1,
54f6dc,94,0,conflict,calls 55b8fc,0,
54f780,4c,0,block,,2,
54f7dc,84,0,conflict,calls 55b9b8,0,
54f870,80,0,conflict,calls 55b9b8,4,
54f900,8,0,block,,1,src/gen/cp_7.cpp
54f908,3c,0,block,,5,
54f944,2c,0,block,,1,
54f970,2c,0,block,,1,
54f99c,3c,0,block,,1,
54f9d8,28,0,block,,2,src/gen/w6_1.cpp
54fa00,e0,0,block,,1,
54fae0,c0,0,block,,1,
54fba0,68,0,block,,1,
54fc08,4c,0,block,,1,
54fc54,44,0,block,,1,
54fc98,48,0,block,,1,
54fce0,18,0,block,,1,
54fcf8,154,0,block,,1,
54fe58,70,0,block,,1,
54fed0,218,0,conflict,calls 561314+calls 684aa0+calls 55bca4,1,
5500f4,60,0,conflict,calls 55bd58+calls 55bca4+calls 55bb2c,1,
550154,c,0,block,,2,src/gen/br_11.cpp
550164,8c,0,conflict,calls 5613e8+calls 562bd4+calls 562d24,1,src/gen/cm_0.cpp
5501f4,50,0,conflict,calls 55bad0+calls 55c048+calls 55bca4,0,
550248,84,0,conflict,calls 562e60+calls 55ea24+calls 561ec4,1,src/gen/w7_0.cpp
5502d4,40,0,block,,3,
550314,160,0,conflict,calls 636924+calls 6368d0,0,
550478,54,0,block,,4,
5504e0,94,0,block,,4,
550578,84,0,block,,0,
550604,58,0,block,,1,
550664,2c,0,block,,1,src/gen/br_11.cpp
550694,2c,0,block,,1,
5506c4,28,0,block,,1,
5506f0,24,0,conflict,calls 637d3c,3,
550714,54,0,block,,0,
550768,9c,0,block,,1,
550804,114,0,conflict,calls 6394b8+calls 63696c,2,
550918,24,0,conflict,calls 55c7e8,3,
55093c,18,0,block,,3,src/gen/hi_0.cpp
550954,30,0,block,,2,
550988,c,0,block,,0,src/gen/hi_0.cpp
550998,c,0,block,,4,src/gen/hi_0.cpp
5509a8,70,0,block,,0,
550a20,1ec,0,block,,0,
550c10,64,0,block,,0,
550cac,4,0,block,,0,src/gen/hi_0.cpp
550cb0,8c,0,conflict,calls 566730+calls 636c7c,1,
550d3c,44,0,conflict,calls 636c7c,1,
550d80,3c,0,block,,0,
550dbc,38,0,block,,0,
550df4,8c,0,conflict,calls 566790,1,
550efc,10,0,block,,0,src/gen/r3_2.cpp
550f10,10,0,block,,0,src/gen/r3_2.cpp
550f24,74,0,block,,4,
550f98,40,0,block,,2,
550fd8,58,0,block,,1,
551030,20,0,block,,1,
551050,18,0,conflict,calls 559a30,1,src/gen/hi_0.cpp
55106c,f0,0,block,,3,
55115c,84,0,block,,1,
5511ec,34,0,block,,1,
551220,10c,0,conflict,calls 639408+calls 55bd58+calls 55bca4,2,
55132c,148,0,conflict,calls 63930c+calls 55c698+calls 55c5f0,0,
551474,24,0,block,,0,src/gen/br_11.cpp
551498,60,0,conflict,calls 55bca4+calls 55bfe4+calls 55bb2c,4,
5514f8,38,0,conflict,calls 55b780,2,
551538,24,0,conflict,calls 55b7bc,1,
55155c,200,0,conflict,calls 647920,1,
551784,c0,0,conflict,calls 6473bc,1,
551848,40,0,block,,1,
55188c,b8,0,conflict,calls 647cb8,1,
55194c,64,0,block,,1,
551a0c,108,0,block,,1,
551b24,10,0,block,,0,src/gen/w6_1.cpp
551b34,3c,0,block,,1,
551b70,78,0,conflict,calls 55c768+calls 55c7dc+calls 55c7d0,1,
551be8,54,0,block,,0,
551c40,38,0,block,,0,
551c78,30,0,block,,0,src/gen/br_11.cpp
551ca8,14,0,block,,0,src/gen/hi_0.cpp
551ce4,24,0,conflict,calls 55c7fc,1,src/gen/r3_2.cpp
551d0c,18,0,block,,0,src/gen/hi_0.cpp
551d28,c,0,block,,1,src/gen/hi_0.cpp
551d38,108,0,conflict,calls 636c7c+calls 562918,3,
551e40,17c,0,conflict,calls 636c7c+calls 562918,0,
551fc0,1ac,0,conflict,calls 639658+calls 63687c,1,
55216c,30,0,block,,0,
55219c,288,0,conflict,calls 566ec0+calls 639424+calls 566fc8,1,
552434,a58,0,conflict,calls 636b80+calls 639424+calls 636828,3,
552e94,49c,0,conflict,calls 639424+calls 55bcfc,1,
55333c,80,0,conflict,calls 636770+calls 55e338+calls 639e88,0,
5533bc,5c8,0,conflict,calls 636780+calls 639424+calls 636db0,1,
553984,d4,0,block,,1,
553a58,2b8,0,conflict,calls 55bca4+calls 55bd7c+calls 55bf1c,3,
553d1c,1d4,0,conflict,calls 55bca4+calls 55bfe4+calls 566788,4,
553efc,2c8,0,conflict,calls 566724+calls 567308+calls 559098,2,
5541d4,d4,0,block,,2,
5542b8,c,0,block,,0,src/gen/hi_0.cpp
5542c8,c,0,block,,1,src/gen/hi_0.cpp
5542d8,8,0,block,,0,src/gen/cp_7.cpp
5542e0,34,0,block,,2,
554314,8c,0,block,,1,
5543a4,40,0,block,,1,
5543e8,4,0,block,,0,src/gen/hi_1.cpp
5543ec,a8,0,block,,0,
554494,100,0,block,,0,
554594,18,0,block,,1,
5545ac,c,0,block,,2,src/gen/hi_1.cpp
5545b8,1c,0,block,,1,src/gen/cp_7.cpp
5545d4,4c,0,block,,0,
554620,110,0,block,,1,
554748,9c,0,block,,1,
5547f0,6c,0,block,,0,
554860,6c,0,block,,1,
5548d0,10c,0,block,,0,
5549e8,270,0,block,,0,
554c58,1a0,0,conflict,calls 647cb8,2,
554e28,18,0,block,,1,
554e40,c,0,block,,2,src/gen/hi_1.cpp
554e4c,94,0,block,,1,
554eec,54,0,block,,0,
554f40,188,0,block,,1,
5550cc,150,0,block,,1,
555230,74,0,block,,0,
5552a8,74,0,block,,1,
555320,174,0,conflict,calls 55bca4+calls 55bb2c+calls 55bd58,2,
55549c,5c,0,conflict,calls 55bd58+calls 55bca4+calls 55bb2c,3,
5554f8,c,0,block,,1,src/gen/hi_1.cpp
555504,1fc,0,conflict,calls 55bd58+calls 55bca4+calls 55bb2c,1,
555704,c,0,block,,3,src/gen/hi_1.cpp
555710,4c,0,block,,1,
55575c,5c,0,conflict,calls 55bd58+calls 55bca4+calls 55bb2c,1,
5557b8,2c,0,block,,1,src/gen/br_11.cpp
5557e4,c,0,block,,1,src/gen/hi_1.cpp
5557f0,c,0,block,,1,src/gen/hi_1.cpp
5557fc,18,0,block,,2,src/gen/cp_7.cpp
555818,40,0,block,,1,
555858,30,0,block,,1,
555888,28,0,block,,1,src/gen/r5_1.cpp
5558b0,4,0,block,,0,src/gen/hi_1.cpp
5558b4,8,0,block,,1,src/gen/hi_1.cpp
5558bc,10,0,block,,1,src/gen/br_11.cpp
5558cc,24,0,block,,1,src/gen/w6_1.cpp
5558f0,c,0,block,,2,src/gen/hi_1.cpp
5558fc,10,0,block,,1,src/gen/br_11.cpp
55590c,110,0,block,,7,
555a20,1b4,0,block,,1,
555bdc,38,0,block,,1,
555c1c,490,0,conflict,calls 55bd58+calls 55bca4+calls 55bb2c,1,
5560b4,190,0,conflict,calls 55bca4+calls 55bb2c+calls 55bd58,3,
556244,4,0,block,,0,src/gen/hi_1.cpp
556248,60,0,block,,1,
5562ac,ac,0,block,,3,
556364,3c,0,block,,2,
5563ac,64,0,block,,4,
556438,18,0,block,,1,src/gen/cp_7.cpp
556454,110,0,block,,1,
556564,20,0,block,,3,src/gen/r3_2.cpp
556584,64,0,block,,3,
5565fc,10,0,block,,3,src/gen/r3_2.cpp
556610,1c,0,block,,1,
556630,15c,0,strong,o2_check,2,
556790,64,0,strong,o2_check,5,
5567f4,7c,0,strong,o2_check,3,
556870,c,0,block,,1,src/gen/hi_1.cpp
55687c,2c,0,block,,0,
5568a8,58,0,conflict,calls 55bd58+calls 55bca4+calls 55bb2c,2,
556900,2c,0,block,,1,src/gen/r3_2.cpp
55692c,2c,0,block,,1,src/gen/hi_1.cpp
5569c8,64,0,conflict,calls 55bd58+calls 55bca4+calls 55bb2c,0,
556a30,8c,0,conflict,calls 55c048+calls 55bf1c,0,src/gen/cm_0.cpp
556abc,6c,0,block,,2,
556b38,bc,0,block,,1,
556c04,70,0,conflict,calls 684e38,3,
556c74,40,0,block,,0,
556cb4,b8,0,conflict,calls 55bca4+calls 55eb5c+calls 55bd7c,0,
556d78,c4,0,conflict,calls 55bd58+calls 55bca4+calls 55bb2c,0,
556e40,b4,0,block,,0,
556ef8,a4,0,block,,0,
556fa0,8,0,block,,0,src/gen/hi_1.cpp
556fa8,18,0,block,,0,src/gen/br_11.cpp
556fc0,d0,0,conflict,calls 55bd58+calls 55bca4+calls 55bb2c,1,
557094,60,0,conflict,calls 55bd58+calls 55bca4+calls 55bb2c,1,
5570f4,74,0,conflict,calls 55f5e8,0,
557170,74,0,conflict,calls 5602e8+calls 564634,1,
5571f4,30,0,conflict,calls 560360+calls 56469c,0,src/gen/hi_1.cpp
557228,2c,0,conflict,calls 560360+calls 56469c,0,src/gen/hi_1.cpp
557258,58,0,conflict,calls 684c10,2,
5572b0,24,0,block,,2,src/gen/hi_1.cpp
5572d4,98,0,block,,1,
55736c,c8,0,block,,1,
557434,9c,0,block,,10,
5574e4,60,0,block,,4,
557544,4c,0,block,,0,src/gen/big_2.cpp
557590,90,0,block,,2,
557620,98,0,block,,0,
5576b8,84,0,block,,1,
557748,54,0,block,,0,
5577a4,1c,0,conflict,calls 684f28+calls 684f64,0,src/gen/hi_1.cpp
5577c0,10,0,block,,2,src/gen/hi_1.cpp
5577d0,14,0,block,,0,src/gen/hi_1.cpp
5577e4,80,0,block,,1,
557864,cc,0,block,,0,
557930,64,0,block,,0,
557994,50,0,block,,0,
5579e4,17c,0,strong,o2_check,1,
557b6c,190,0,strong,o2_check,1,
56e2d8,1a4,0,strong,o2_check+outside_blocks,1,
581db4,40,0,strong,o2_check+outside_blocks,0,
58217c,40,0,strong,o2_check+outside_blocks,0,
586d70,80,0,strong,o2_check+outside_blocks,12,
596ca4,278,0,strong,o2_check+outside_blocks,0,
596f90,160,0,strong,sdk_callee+outside_blocks,3,
597108,164,0,strong,sdk_callee+outside_blocks,1,
59769c,bc,0,strong,o2_check+outside_blocks,3,
597a04,a8,0,strong,o2_check+outside_blocks,0,
597ab0,64,0,strong,o2_check+outside_blocks,0,
59ab74,8,0,strong,sdk_callee+outside_blocks,3,
5b1548,1c,0,strong,sdk_callee+outside_blocks,10,src/gen/r3_3.cpp
5db6f4,20,0,strong,sdk_callee+outside_blocks,3,src/gen/hi_5.cpp
631560,2c,0,strong,o2_check+outside_blocks,0,
6315d4,24,0,strong,sdk_callee+outside_blocks,15,
63161c,24,0,strong,sdk_callee+outside_blocks,11,
6316a0,58,0,strong,sdk_callee+outside_blocks,16,
632f08,17c,0,strong,sdk_callee+outside_blocks,139,
6336a0,a0,0,strong,sdk_callee+outside_blocks,11,
63384c,10,0,strong,sdk_callee+outside_blocks,2,src/gen/br_15.cpp
63386c,40,0,strong,sdk_callee+outside_blocks,4,
63f25c,5c,0,strong,o2_check+outside_blocks,1,
644374,40,0,strong,o2_check+outside_blocks,0,
644418,40,0,strong,o2_check+outside_blocks,0,
646564,14,0,strong,sdk_callee+outside_blocks,14,
646578,14,0,strong,sdk_callee+outside_blocks,34,
6848a8,bc,0,strong,sdk_callee+outside_blocks,7,
684968,c8,0,strong,sdk_callee+outside_blocks,10,
68f3c0,58,0,strong,sdk_callee+outside_blocks,73,
68f418,a0,0,strong,sdk_callee+outside_blocks,3,
68f5e0,6c,0,strong,sdk_callee+outside_blocks,16,
